Date,Time,UpTick,UpVolume,DownTick,DownVolume,UnchVolume,Open,High,Low,Close,Volume,QryIndex
20180102,0,0,0,0,0,0,10630,10710,10612,10709,118501,1
20180103,0,0,0,0,0,0,10715,10797,10693,10789,135419,2
20180104,0,0,0,0,0,0,10792,10840,10770,10837,130290,3
20180105,0,0,0,0,0,0,10830,10867,10801,10857,123148,4
20180108,0,0,0,0,0,0,10859,10900,10843,10886,117511,5
20180109,0,0,0,0,0,0,10885,10909,10850,10881,106902,6
20180110,0,0,0,0,0,0,10889,10904,10806,10809,141523,7
20180111,0,0,0,0,0,0,10815,10834,10765,10801,155873,8
20180112,0,0,0,0,0,0,10797,10898,10788,10876,124774,9
20180115,0,0,0,0,0,0,10882,10958,10874,10955,120392,10
20180116,0,0,0,0,0,0,10947,10986,10918,10983,100794,11
20180117,0,0,0,0,0,0,10986,11024,10940,11020,96028,12
20180118,0,0,0,0,0,0,10995,11137,10992,11054,194021,13
20180119,0,0,0,0,0,0,11063,11142,11055,11139,126539,14
20180122,0,0,0,0,0,0,11139,11225,11113,11222,163256,15
20180123,0,0,0,0,0,0,11210,11253,11181,11225,169011,16
20180124,0,0,0,0,0,0,11228,11234,11090,11126,191859,17
20180125,0,0,0,0,0,0,11141,11271,11098,11154,229346,18
20180126,0,0,0,0,0,0,11158,11186,11079,11146,193882,19
20180129,0,0,0,0,0,0,11148,11238,11144,11196,148039,20
20180130,0,0,0,0,0,0,11187,11197,11064,11064,191664,21
20180131,0,0,0,0,0,0,11079,11144,11017,11098,218864,22
20180201,0,0,0,0,0,0,11104,11199,11086,11160,158545,23
20180202,0,0,0,0,0,0,11157,11162,11041,11116,202183,24
20180205,0,0,0,0,0,0,11105,11116,10848,10928,217828,25
20180206,0,0,0,0,0,0,10921,10949,10242,10399,466703,26
20180207,0,0,0,0,0,0,10418,10669,10400,10517,351887,27
20180208,0,0,0,0,0,0,10501,10613,10492,10518,229609,28
20180209,0,0,0,0,0,0,10510,10521,10121,10353,328563,29
20180212,0,0,0,0,0,0,10336,10438,10188,10410,244189,30
20180221,0,0,0,0,0,0,10405,10718,10383,10705,111091,31
20180222,0,0,0,0,0,0,10706,10911,10593,10626,151414,32
20180223,0,0,0,0,0,0,10610,10789,10598,10781,168097,33
20180226,0,0,0,0,0,0,10799,10872,10773,10822,126666,34
20180227,0,0,0,0,0,0,10817,10914,10784,10791,140828,35
20180301,0,0,0,0,0,0,10789,10806,10600,10735,186351,36
20180302,0,0,0,0,0,0,10755,10789,10575,10681,227972,37
20180305,0,0,0,0,0,0,10680,10741,10593,10635,235375,38
20180306,0,0,0,0,0,0,10625,10789,10604,10787,186255,39
20180307,0,0,0,0,0,0,10793,10837,10700,10712,198980,40
20180308,0,0,0,0,0,0,10710,10847,10708,10829,160887,41
20180309,0,0,0,0,0,0,10835,10910,10827,10865,158853,42
20180312,0,0,0,0,0,0,10862,11025,10844,11024,152813,43
20180313,0,0,0,0,0,0,11035,11103,11013,11100,133065,44
20180314,0,0,0,0,0,0,11094,11121,11003,11031,163549,45
20180315,0,0,0,0,0,0,11028,11073,10970,11041,152979,46
20180316,0,0,0,0,0,0,11059,11083,10923,11018,212260,47
20180319,0,0,0,0,0,0,11004,11054,10959,11028,141943,48
20180320,0,0,0,0,0,0,11027,11032,10919,11012,135221,49
20180321,0,0,0,0,0,0,11019,11073,10991,11044,97140,50
20180322,0,0,0,0,0,0,11001,11122,10961,10989,220591,51
20180323,0,0,0,0,0,0,10981,10982,10718,10734,244745,52
20180326,0,0,0,0,0,0,10745,10847,10621,10840,216843,53
20180327,0,0,0,0,0,0,10867,10991,10809,10989,194277,54
20180328,0,0,0,0,0,0,10997,10998,10809,10820,202995,55
20180329,0,0,0,0,0,0,10826,10859,10760,10840,223022,56
20180330,0,0,0,0,0,0,10855,10974,10842,10919,155232,57
20180331,0,0,0,0,0,0,10930,10953,10912,10926,32255,58
20180402,0,0,0,0,0,0,10947,10958,10843,10865,162052,59
20180403,0,0,0,0,0,0,10854,10879,10702,10784,194970,60
20180409,0,0,0,0,0,0,10797,10911,10786,10904,199394,61
20180410,0,0,0,0,0,0,10914,10993,10852,10949,207756,62
20180411,0,0,0,0,0,0,10963,11007,10936,10979,150920,63
20180412,0,0,0,0,0,0,10975,11024,10905,10943,175100,64
20180413,0,0,0,0,0,0,10917,10988,10907,10955,136598,65
20180416,0,0,0,0,0,0,10966,10984,10908,10943,149551,66
20180417,0,0,0,0,0,0,10939,10969,10802,10806,158430,67
20180418,0,0,0,0,0,0,10807,10909,10773,10845,127234,68
20180419,0,0,0,0,0,0,10840,10975,10807,10969,171393,69
20180420,0,0,0,0,0,0,10937,10968,10776,10788,228292,70
20180423,0,0,0,0,0,0,10757,10767,10683,10694,200745,71
20180424,0,0,0,0,0,0,10689,10694,10547,10583,229102,72
20180425,0,0,0,0,0,0,10578,10624,10411,10535,240630,73
20180426,0,0,0,0,0,0,10537,10566,10490,10565,51370,74
20180427,0,0,0,0,0,0,10460,10565,10451,10561,175711,75
20180502,0,0,0,0,0,0,10643,10670,10597,10609,141083,76
20180503,0,0,0,0,0,0,10614,10633,10488,10506,180029,77
20180504,0,0,0,0,0,0,10505,10544,10407,10523,206831,78
20180507,0,0,0,0,0,0,10504,10615,10480,10595,181553,79
20180508,0,0,0,0,0,0,10579,10672,10568,10669,140593,80
20180509,0,0,0,0,0,0,10673,10731,10651,10704,164769,81
20180510,0,0,0,0,0,0,10706,10771,10695,10763,141892,82
20180511,0,0,0,0,0,0,10757,10865,10753,10861,148775,83
20180514,0,0,0,0,0,0,10856,10968,10852,10958,148295,84
20180515,0,0,0,0,0,0,10954,10975,10857,10869,133464,85
20180516,0,0,0,0,0,0,10866,10907,10818,10872,117503,86
20180517,0,0,0,0,0,0,10879,10928,10823,10826,146930,87
20180518,0,0,0,0,0,0,10813,10873,10789,10820,139307,88
20180521,0,0,0,0,0,0,10829,10966,10798,10965,126157,89
20180522,0,0,0,0,0,0,10964,10999,10913,10922,136041,90
20180523,0,0,0,0,0,0,10923,10998,10855,10858,156147,91
20180524,0,0,0,0,0,0,10856,10923,10815,10917,148089,92
20180525,0,0,0,0,0,0,10927,10956,10861,10932,147698,93
20180528,0,0,0,0,0,0,10935,10989,10919,10983,115113,94
20180529,0,0,0,0,0,0,10981,10986,10896,10928,129487,95
20180530,0,0,0,0,0,0,10916,10918,10761,10775,191138,96
20180531,0,0,0,0,0,0,10781,10870,10774,10867,154929,97
20180601,0,0,0,0,0,0,10865,10925,10821,10915,142657,98
20180604,0,0,0,0,0,0,10924,11095,10919,11085,129797,99
20180605,0,0,0,0,0,0,11092,11135,11035,11069,142064,100
20180606,0,0,0,0,0,0,11070,11210,11043,11200,154273,101
20180607,0,0,0,0,0,0,11205,11253,11174,11227,155102,102
20180608,0,0,0,0,0,0,11235,11237,11103,11125,149111,103
20180611,0,0,0,0,0,0,11115,11173,11071,11128,140358,104
20180612,0,0,0,0,0,0,11130,11156,11054,11141,176950,105
20180613,0,0,0,0,0,0,11143,11169,11095,11146,139869,106
20180614,0,0,0,0,0,0,11133,11148,10984,10985,159032,107
20180615,0,0,0,0,0,0,10970,11075,10957,11055,167737,108
20180619,0,0,0,0,0,0,11045,11051,10871,10874,167219,109
20180620,0,0,0,0,0,0,10841,10951,10815,10936,139059,110
20180621,0,0,0,0,0,0,10727,10747,10688,10706,155793,111
20180622,0,0,0,0,0,0,10682,10685,10581,10655,180711,112
20180625,0,0,0,0,0,0,10666,10675,10583,10584,144071,113
20180626,0,0,0,0,0,0,10584,10598,10484,10592,213344,114
20180627,0,0,0,0,0,0,10589,10625,10538,10554,160084,115
20180628,0,0,0,0,0,0,10538,10596,10484,10523,206113,116
20180629,0,0,0,0,0,0,10501,10692,10493,10677,195829,117
20180702,0,0,0,0,0,0,10688,10719,10609,10611,163466,118
20180703,0,0,0,0,0,0,10589,10717,10544,10622,253650,119
20180704,0,0,0,0,0,0,10624,10647,10582,10618,157046,120
20180705,0,0,0,0,0,0,10613,10638,10488,10500,200105,121
20180706,0,0,0,0,0,0,10500,10556,10414,10539,260856,122
20180709,0,0,0,0,0,0,10512,10676,10492,10661,179566,123
20180710,0,0,0,0,0,0,10669,10744,10659,10709,139566,124
20180711,0,0,0,0,0,0,10733,10744,10574,10617,299849,125
20180712,0,0,0,0,0,0,10604,10750,10599,10740,169575,126
20180713,0,0,0,0,0,0,10743,10850,10733,10848,149961,127
20180716,0,0,0,0,0,0,10841,10874,10807,10815,134096,128
20180717,0,0,0,0,0,0,10818,10828,10756,10768,136355,129
20180718,0,0,0,0,0,0,10766,10872,10757,10844,105722,130
20180719,0,0,0,0,0,0,10719,10792,10708,10721,160202,131
20180720,0,0,0,0,0,0,10708,10847,10693,10824,234596,132
20180723,0,0,0,0,0,0,10838,10868,10794,10830,171234,133
20180724,0,0,0,0,0,0,10841,10880,10802,10871,132270,134
20180725,0,0,0,0,0,0,10864,10913,10851,10865,125064,135
20180726,0,0,0,0,0,0,10879,10926,10866,10915,139881,136
20180727,0,0,0,0,0,0,10915,10995,10913,10992,128327,137
20180730,0,0,0,0,0,0,10999,11038,10937,10940,150127,138
20180731,0,0,0,0,0,0,10948,10997,10913,10989,140978,139
20180801,0,0,0,0,0,0,10982,11057,10980,11047,115969,140
20180802,0,0,0,0,0,0,11047,11059,10862,10871,189395,141
20180803,0,0,0,0,0,0,10868,10977,10863,10970,141834,142
20180806,0,0,0,0,0,0,10974,11036,10956,10982,162121,143
20180807,0,0,0,0,0,0,10979,11004,10951,10968,127555,144
20180808,0,0,0,0,0,0,10984,11070,10976,11049,128627,145
20180809,0,0,0,0,0,0,11044,11066,10969,11017,136572,146
20180810,0,0,0,0,0,0,11012,11028,10953,10959,129808,147
20180813,0,0,0,0,0,0,10954,10971,10692,10757,235699,148
20180814,0,0,0,0,0,0,10771,10831,10727,10820,158997,149
20180815,0,0,0,0,0,0,10831,10841,10696,10737,128246,150
20180816,0,0,0,0,0,0,10683,10724,10586,10690,208803,151
20180817,0,0,0,0,0,0,10684,10747,10647,10662,152378,152
20180820,0,0,0,0,0,0,10653,10715,10613,10671,162934,153
20180821,0,0,0,0,0,0,10695,10774,10673,10767,152829,154
20180822,0,0,0,0,0,0,10761,10806,10733,10764,147534,155
20180823,0,0,0,0,0,0,10770,10845,10758,10842,170524,156
20180824,0,0,0,0,0,0,10843,10851,10728,10788,168825,157
20180827,0,0,0,0,0,0,10771,10892,10763,10886,155235,158
20180828,0,0,0,0,0,0,10888,10980,10885,10954,132261,159
20180829,0,0,0,0,0,0,10957,11049,10950,11044,153628,160
20180830,0,0,0,0,0,0,11046,11135,11019,11023,189613,161
20180831,0,0,0,0,0,0,11036,11048,10953,11022,174960,162
20180903,0,0,0,0,0,0,11008,11045,10919,10935,176049,163
20180904,0,0,0,0,0,0,10941,11004,10935,11002,146425,164
20180905,0,0,0,0,0,0,11008,11021,10943,10950,192638,165
20180906,0,0,0,0,0,0,10916,10950,10860,10901,214596,166
20180907,0,0,0,0,0,0,10896,10930,10803,10845,218047,167
20180910,0,0,0,0,0,0,10844,10880,10708,10734,241541,168
20180911,0,0,0,0,0,0,10722,10767,10682,10740,198197,169
20180912,0,0,0,0,0,0,10736,10774,10687,10726,200201,170
20180913,0,0,0,0,0,0,10714,10779,10697,10717,181658,171
20180914,0,0,0,0,0,0,10726,10887,10725,10881,196263,172
20180917,0,0,0,0,0,0,10882,10904,10810,10823,140032,173
20180918,0,0,0,0,0,0,10819,10833,10761,10781,149367,174
20180919,0,0,0,0,0,0,10813,10875,10803,10873,91517,175
20180920,0,0,0,0,0,0,10880,10922,10824,10848,168103,176
20180921,0,0,0,0,0,0,10841,10976,10840,10974,189311,177
20180925,0,0,0,0,0,0,10979,10996,10935,10981,123443,178
20180926,0,0,0,0,0,0,10987,10998,10949,10972,128176,179
20180927,0,0,0,0,0,0,10966,11011,10920,10982,162691,180
20180928,0,0,0,0,0,0,10987,11039,10921,10955,190857,181
20181001,0,0,0,0,0,0,10943,11018,10922,11006,118201,182
20181002,0,0,0,0,0,0,11008,11022,10873,10879,169482,183
20181003,0,0,0,0,0,0,10863,10914,10841,10856,169455,184
20181004,0,0,0,0,0,0,10864,10878,10688,10694,182016,185
20181005,0,0,0,0,0,0,10680,10700,10431,10506,313234,186
20181008,0,0,0,0,0,0,10513,10530,10407,10461,242561,187
20181009,0,0,0,0,0,0,10441,10508,10386,10460,208724,188
20181011,0,0,0,0,0,0,10460,10477,9630,9642,392828,189
20181012,0,0,0,0,0,0,9705,10021,9642,9948,348903,190
20181015,0,0,0,0,0,0,9975,9978,9852,9860,221819,191
20181016,0,0,0,0,0,0,9853,9992,9844,9951,215675,192
20181017,0,0,0,0,0,0,9945,10114,9935,9993,143222,193
20181018,0,0,0,0,0,0,9980,9988,9869,9884,207536,194
20181019,0,0,0,0,0,0,9873,9914,9743,9905,247109,195
20181022,0,0,0,0,0,0,9903,9972,9761,9935,240352,196
20181023,0,0,0,0,0,0,9930,9946,9723,9728,236232,197
20181024,0,0,0,0,0,0,9709,9791,9590,9715,319232,198
20181025,0,0,0,0,0,0,9698,9749,9414,9486,295914,199
20181026,0,0,0,0,0,0,9506,9637,9339,9424,316980,200
20181029,0,0,0,0,0,0,9453,9539,9348,9473,270699,201
20181030,0,0,0,0,0,0,9461,9575,9326,9524,239605,202
20181031,0,0,0,0,0,0,9510,9748,9483,9724,235000,203
20181101,0,0,0,0,0,0,9721,9827,9705,9787,180021,204
20181102,0,0,0,0,0,0,9771,9884,9752,9874,200047,205
20181105,0,0,0,0,0,0,9883,9931,9741,9817,213436,206
20181106,0,0,0,0,0,0,9813,9867,9746,9774,154152,207
20181107,0,0,0,0,0,0,9784,9890,9757,9848,184019,208
20181108,0,0,0,0,0,0,9841,10000,9837,9924,154730,209
20181109,0,0,0,0,0,0,9918,9934,9754,9789,167666,210
20181112,0,0,0,0,0,0,9777,9864,9701,9812,156299,211
20181113,0,0,0,0,0,0,9818,9822,9528,9728,224269,212
20181114,0,0,0,0,0,0,9730,9809,9719,9769,171391,213
20181115,0,0,0,0,0,0,9770,9839,9708,9827,215229,214
20181116,0,0,0,0,0,0,9843,9928,9756,9783,202064,215
20181119,0,0,0,0,0,0,9781,9838,9735,9819,138729,216
20181120,0,0,0,0,0,0,9826,9851,9703,9732,161458,217
20181121,0,0,0,0,0,0,9735,9760,9624,9743,124554,218
20181122,0,0,0,0,0,0,9742,9788,9700,9714,123065,219
20181123,0,0,0,0,0,0,9720,9733,9613,9620,133493,220
20181126,0,0,0,0,0,0,9620,9850,9620,9768,171060,221
20181127,0,0,0,0,0,0,9768,9808,9644,9741,159438,222
20181128,0,0,0,0,0,0,9729,9880,9703,9870,186133,223
20181129,0,0,0,0,0,0,9879,9996,9861,9877,166405,224
20181130,0,0,0,0,0,0,9872,9942,9847,9853,152248,225
20181203,0,0,0,0,0,0,9855,10156,9815,10122,160405,226
20181204,0,0,0,0,0,0,10122,10145,10033,10042,134784,227
20181205,0,0,0,0,0,0,10043,10071,9863,9878,174653,228
20181206,0,0,0,0,0,0,9890,9905,9626,9674,177206,229
20181207,0,0,0,0,0,0,9662,9763,9574,9746,182984,230
20181210,0,0,0,0,0,0,9747,9800,9560,9626,181067,231
20181211,0,0,0,0,0,0,9626,9713,9583,9687,180656,232
20181212,0,0,0,0,0,0,9688,9827,9660,9818,186644,233
20181213,0,0,0,0,0,0,9820,9882,9790,9856,147762,234
20181214,0,0,0,0,0,0,9863,9886,9676,9730,178579,235
20181217,0,0,0,0,0,0,9725,9826,9685,9790,146539,236
20181218,0,0,0,0,0,0,9790,9798,9686,9718,159297,237
20181219,0,0,0,0,0,0,9727,9778,9718,9768,76969,238
20181220,0,0,0,0,0,0,9748,9790,9592,9641,193128,239
20181221,0,0,0,0,0,0,9650,9682,9556,9660,185524,240
20181222,0,0,0,0,0,0,9669,9700,9575,9585,84906,241
20181224,0,0,0,0,0,0,9603,9627,9587,9620,89050,242
20181225,0,0,0,0,0,0,9623,9625,9410,9477,143565,243
20181226,0,0,0,0,0,0,9481,9555,9438,9459,122103,244
20181227,0,0,0,0,0,0,9480,9655,9465,9633,175190,245
20181228,0,0,0,0,0,0,9622,9680,9540,9671,145957,246
20190102,0,0,0,0,0,0,9760,9762,9506,9536,165919,247
20190103,0,0,0,0,0,0,9528,9590,9433,9440,178547,248
20190104,0,0,0,0,0,0,9449,9475,9305,9367,227806,249
20190107,0,0,0,0,0,0,9387,9588,9373,9563,198920,250
20190108,0,0,0,0,0,0,9568,9632,9532,9561,156758,251
20190109,0,0,0,0,0,0,9560,9755,9551,9708,201633,252
20190110,0,0,0,0,0,0,9684,9749,9673,9694,135707,253
20190111,0,0,0,0,0,0,9692,9803,9687,9750,166724,254
20190114,0,0,0,0,0,0,9758,9779,9660,9691,136177,255
20190115,0,0,0,0,0,0,9684,9817,9676,9793,154942,256
20190116,0,0,0,0,0,0,9805,9813,9755,9784,80083,257
20190117,0,0,0,0,0,0,9773,9834,9721,9779,167579,258
20190118,0,0,0,0,0,0,9733,9851,9732,9820,157308,259
20190121,0,0,0,0,0,0,9821,9922,9817,9866,156318,260
20190122,0,0,0,0,0,0,9869,9888,9822,9847,106289,261
20190123,0,0,0,0,0,0,9851,9872,9795,9818,139910,262
20190124,0,0,0,0,0,0,9819,9884,9798,9863,141340,263
20190125,0,0,0,0,0,0,9864,9989,9855,9968,153435,264
20190128,0,0,0,0,0,0,9971,10039,9970,9985,110455,265
20190129,0,0,0,0,0,0,9978,9984,9880,9923,144814,266
20190130,0,0,0,0,0,0,9925,9956,9896,9926,114711,267
20190211,0,0,0,0,0,0,9924,10067,9918,9999,124309,268
20190212,0,0,0,0,0,0,10011,10093,10003,10084,94667,269
20190213,0,0,0,0,0,0,10089,10141,10055,10084,117670,270
20190214,0,0,0,0,0,0,10092,10124,10034,10080,118417,271
20190215,0,0,0,0,0,0,10089,10116,10022,10042,145469,272
20190218,0,0,0,0,0,0,10041,10161,10030,10135,124369,273
20190219,0,0,0,0,0,0,10142,10158,10104,10142,80929,274
20190220,0,0,0,0,0,0,10148,10262,10130,10256,88738,275
20190221,0,0,0,0,0,0,10257,10327,10232,10324,122115,276
20190222,0,0,0,0,0,0,10306,10322,10245,10310,116057,277
20190225,0,0,0,0,0,0,10316,10378,10315,10368,131142,278
20190226,0,0,0,0,0,0,10380,10419,10336,10355,121568,279
20190227,0,0,0,0,0,0,10352,10384,10325,10362,101932,280
20190304,0,0,0,0,0,0,10341,10400,10276,10311,148754,281
20190305,0,0,0,0,0,0,10303,10310,10215,10274,130676,282
20190306,0,0,0,0,0,0,10283,10333,10257,10322,117100,283
20190307,0,0,0,0,0,0,10328,10355,10260,10262,119944,284
20190308,0,0,0,0,0,0,10265,10292,10162,10200,163846,285
20190311,0,0,0,0,0,0,10190,10234,10149,10229,113829,286
20190312,0,0,0,0,0,0,10232,10385,10208,10348,137336,287
20190313,0,0,0,0,0,0,10348,10365,10305,10365,126386,288
20190314,0,0,0,0,0,0,10357,10414,10322,10338,118489,289
20190315,0,0,0,0,0,0,10337,10430,10318,10414,127741,290
20190318,0,0,0,0,0,0,10413,10487,10409,10477,103156,291
20190319,0,0,0,0,0,0,10487,10511,10461,10501,90763,292
20190320,0,0,0,0,0,0,10505,10553,10492,10545,69417,293
20190321,0,0,0,0,0,0,10521,10593,10480,10590,120877,294
20190322,0,0,0,0,0,0,10568,10663,10560,10613,139322,295
20190325,0,0,0,0,0,0,10608,10629,10423,10438,148019,296
20190326,0,0,0,0,0,0,10421,10538,10420,10522,125829,297
20190327,0,0,0,0,0,0,10518,10571,10473,10520,121467,298
20190328,0,0,0,0,0,0,10525,10529,10444,10493,124271,299
20190329,0,0,0,0,0,0,10500,10600,10476,10598,162934,300
20190401,0,0,0,0,0,0,10595,10715,10592,10638,145228,301
20190402,0,0,0,0,0,0,10643,10704,10641,10676,99316,302
20190403,0,0,0,0,0,0,10682,10728,10644,10693,115957,303
20190408,0,0,0,0,0,0,10703,10795,10700,10770,116927,304
20190409,0,0,0,0,0,0,10782,10848,10769,10843,87636,305
20190410,0,0,0,0,0,0,10847,10878,10800,10862,102795,306
20190411,0,0,0,0,0,0,10861,10885,10775,10806,127869,307
20190412,0,0,0,0,0,0,10809,10831,10782,10802,100865,308
20190415,0,0,0,0,0,0,10805,10895,10800,10876,98649,309
20190416,0,0,0,0,0,0,10866,10932,10834,10931,101509,310
20190417,0,0,0,0,0,0,10930,11010,10929,11004,73256,311
20190418,0,0,0,0,0,0,10993,11042,10920,10939,148571,312
20190419,0,0,0,0,0,0,10940,11036,10938,10972,124994,313
20190422,0,0,0,0,0,0,10978,11030,10958,10978,87268,314
20190423,0,0,0,0,0,0,10972,11024,10934,11024,125495,315
20190424,0,0,0,0,0,0,11025,11061,10970,11009,131817,316
20190425,0,0,0,0,0,0,11005,11041,10960,11031,118621,317
20190426,0,0,0,0,0,0,11015,11022,10900,10933,154605,318
20190429,0,0,0,0,0,0,10920,10978,10902,10932,120112,319
20190430,0,0,0,0,0,0,10939,10961,10883,10952,117343,320
20190502,0,0,0,0,0,0,10952,11033,10926,10978,136244,321
20190503,0,0,0,0,0,0,10985,11094,10943,11092,140633,322
20190506,0,0,0,0,0,0,11093,11138,10821,10857,183090,323
20190507,0,0,0,0,0,0,10849,10996,10841,10970,152073,324
20190508,0,0,0,0,0,0,10992,10995,10824,10893,188735,325
20190509,0,0,0,0,0,0,10894,10921,10716,10746,215478,326
20190510,0,0,0,0,0,0,10729,10850,10595,10745,324557,327
20190513,0,0,0,0,0,0,10760,10790,10565,10576,227305,328
20190514,0,0,0,0,0,0,10571,10575,10376,10532,245461,329
20190515,0,0,0,0,0,0,10524,10609,10505,10579,115591,330
20190516,0,0,0,0,0,0,10582,10598,10483,10488,193197,331
20190517,0,0,0,0,0,0,10498,10568,10406,10411,196178,332
20190520,0,0,0,0,0,0,10406,10485,10365,10433,198974,333
20190521,0,0,0,0,0,0,10434,10502,10347,10487,190980,334
20190522,0,0,0,0,0,0,10482,10515,10453,10480,154388,335
20190523,0,0,0,0,0,0,10476,10490,10285,10310,179353,336
20190524,0,0,0,0,0,0,10293,10386,10238,10344,166765,337
20190527,0,0,0,0,0,0,10351,10390,10284,10333,133617,338
20190528,0,0,0,0,0,0,10342,10374,10309,10340,97935,339
20190529,0,0,0,0,0,0,10329,10344,10218,10291,127022,340
20190530,0,0,0,0,0,0,10268,10382,10241,10367,155926,341
20190531,0,0,0,0,0,0,10373,10493,10330,10455,161329,342
20190603,0,0,0,0,0,0,10440,10477,10366,10471,164801,343
20190604,0,0,0,0,0,0,10471,10499,10401,10416,133390,344
20190605,0,0,0,0,0,0,10411,10510,10409,10456,131766,345
20190606,0,0,0,0,0,0,10446,10470,10351,10360,145827,346
20190610,0,0,0,0,0,0,10363,10546,10338,10539,149904,347
20190611,0,0,0,0,0,0,10549,10618,10533,10592,124613,348
20190612,0,0,0,0,0,0,10591,10616,10561,10592,112568,349
20190613,0,0,0,0,0,0,10585,10594,10497,10529,139860,350
20190614,0,0,0,0,0,0,10522,10558,10516,10529,100964,351
20190617,0,0,0,0,0,0,10522,10565,10460,10545,124985,352
20190618,0,0,0,0,0,0,10541,10576,10526,10553,79671,353
20190619,0,0,0,0,0,0,10557,10800,10547,10770,114979,354
20190620,0,0,0,0,0,0,10572,10605,10542,10591,108646,355
20190621,0,0,0,0,0,0,10602,10677,10564,10585,142115,356
20190624,0,0,0,0,0,0,10596,10647,10553,10623,113497,357
20190625,0,0,0,0,0,0,10622,10630,10523,10540,118967,358
20190626,0,0,0,0,0,0,10545,10568,10498,10503,114363,359
20190627,0,0,0,0,0,0,10506,10642,10504,10622,138285,360
20190628,0,0,0,0,0,0,10628,10636,10550,10580,111400,361
20190701,0,0,0,0,0,0,10587,10780,10565,10767,117615,362
20190702,0,0,0,0,0,0,10768,10782,10729,10749,85536,363
20190703,0,0,0,0,0,0,10750,10761,10202,10641,133799,364
20190704,0,0,0,0,0,0,10644,10729,10643,10710,95634,365
20190705,0,0,0,0,0,0,10702,10749,10682,10718,84271,366
20190708,0,0,0,0,0,0,10711,10714,10630,10665,134621,367
20190709,0,0,0,0,0,0,10661,10699,10631,10650,97154,368
20190710,0,0,0,0,0,0,10646,10741,10635,10731,126672,369
20190711,0,0,0,0,0,0,10725,10833,10720,10814,124584,370
20190712,0,0,0,0,0,0,10815,10830,10775,10810,98058,371
20190715,0,0,0,0,0,0,10803,10860,10730,10849,135442,372
20190716,0,0,0,0,0,0,10849,10892,10840,10876,90975,373
20190717,0,0,0,0,0,0,10870,10874,10805,10831,92123,374
20190718,0,0,0,0,0,0,10667,10676,10623,10651,97234,375
20190719,0,0,0,0,0,0,10665,10792,10656,10744,131670,376
20190722,0,0,0,0,0,0,10745,10798,10710,10794,103267,377
20190723,0,0,0,0,0,0,10790,10836,10785,10803,96746,378
20190724,0,0,0,0,0,0,10803,10835,10792,10804,90679,379
20190725,0,0,0,0,0,0,10800,10831,10769,10822,94996,380
20190726,0,0,0,0,0,0,10826,10827,10765,10787,82009,381
20190729,0,0,0,0,0,0,10784,10802,10744,10782,98366,382
20190730,0,0,0,0,0,0,10787,10836,10751,10752,110643,383
20190731,0,0,0,0,0,0,10743,10747,10674,10737,138295,384
20190801,0,0,0,0,0,0,10722,10733,10566,10644,148656,385
20190802,0,0,0,0,0,0,10634,10696,10441,10469,214466,386
20190805,0,0,0,0,0,0,10472,10473,10358,10379,192506,387
20190806,0,0,0,0,0,0,10380,10389,10095,10331,271373,388
20190807,0,0,0,0,0,0,10337,10375,10284,10347,165400,389
20190808,0,0,0,0,0,0,10352,10454,10257,10439,215623,390
20190812,0,0,0,0,0,0,10439,10477,10380,10441,86901,391
20190813,0,0,0,0,0,0,10440,10452,10319,10342,151542,392
20190814,0,0,0,0,0,0,10330,10492,10305,10429,182688,393
20190815,0,0,0,0,0,0,10424,10424,10221,10301,196614,394
20190816,0,0,0,0,0,0,10328,10421,10206,10414,220530,395
20190819,0,0,0,0,0,0,10402,10489,10390,10484,127661,396
20190820,0,0,0,0,0,0,10494,10530,10476,10527,106985,397
20190821,0,0,0,0,0,0,10520,10544,10491,10528,79206,398
20190822,0,0,0,0,0,0,10496,10564,10260,10477,144235,399
20190823,0,0,0,0,0,0,10477,10513,10435,10499,118111,400
20190826,0,0,0,0,0,0,10506,10511,10294,10307,206790,401
20190827,0,0,0,0,0,0,10338,10390,10333,10364,123466,402
20190828,0,0,0,0,0,0,10365,10438,10349,10413,127971,403
20190829,0,0,0,0,0,0,10412,10442,10356,10430,126235,404
20190830,0,0,0,0,0,0,10432,10584,10425,10576,122730,405
20190902,0,0,0,0,0,0,10573,10620,10556,10605,96705,406
20190903,0,0,0,0,0,0,10602,10632,10537,10543,107985,407
20190904,0,0,0,0,0,0,10540,10657,10523,10644,119825,408
20190905,0,0,0,0,0,0,10690,10762,10675,10735,121054,409
20190906,0,0,0,0,0,0,10717,10795,10714,10768,97470,410
20190909,0,0,0,0,0,0,10777,10827,10758,10792,90254,411
20190910,0,0,0,0,0,0,10794,10814,10731,10743,90805,412
20190911,0,0,0,0,0,0,10749,10808,10723,10773,111384,413
20190912,0,0,0,0,0,0,10775,10870,10762,10824,105750,414
20190916,0,0,0,0,0,0,10821,10885,10795,10881,105105,415
20190917,0,0,0,0,0,0,10887,10913,10858,10863,77323,416
20190918,0,0,0,0,0,0,10865,10963,10854,10959,73753,417
20190919,0,0,0,0,0,0,10898,10936,10844,10870,112018,418
20190920,0,0,0,0,0,0,10862,10919,10856,10901,86647,419
20190923,0,0,0,0,0,0,10906,10929,10857,10894,98027,420
20190924,0,0,0,0,0,0,10895,10932,10865,10908,110647,421
20190925,0,0,0,0,0,0,10907,10908,10805,10841,127924,422
20190926,0,0,0,0,0,0,10829,10895,10792,10843,124086,423
20190927,0,0,0,0,0,0,10842,10898,10811,10824,126414,424
20191001,0,0,0,0,0,0,10856,10962,10856,10954,90905,425
20191002,0,0,0,0,0,0,10957,10964,10902,10922,101716,426
20191003,0,0,0,0,0,0,10919,10921,10773,10851,140707,427
20191004,0,0,0,0,0,0,10869,10912,10818,10880,147369,428
20191007,0,0,0,0,0,0,10862,10937,10853,10915,102891,429
20191008,0,0,0,0,0,0,10912,11021,10904,11001,104336,430
20191009,0,0,0,0,0,0,11009,11009,10880,10880,128509,431
20191014,0,0,0,0,0,0,10876,11092,10771,11076,120304,432
20191015,0,0,0,0,0,0,11071,11122,11048,11108,85691,433
20191016,0,0,0,0,0,0,11117,11171,11110,11145,83323,434
20191017,0,0,0,0,0,0,11131,11166,11117,11157,80256,435
20191018,0,0,0,0,0,0,11166,11245,11132,11150,145615,436
20191021,0,0,0,0,0,0,11141,11173,11125,11155,81415,437
20191022,0,0,0,0,0,0,11154,11252,11150,11242,98415,438
20191023,0,0,0,0,0,0,11242,11268,11182,11201,102351,439
20191024,0,0,0,0,0,0,11206,11292,11195,11290,93050,440
20191025,0,0,0,0,0,0,11294,11328,11264,11284,90163,441
20191028,0,0,0,0,0,0,11288,11342,11276,11311,71797,442
20191029,0,0,0,0,0,0,11315,11366,11293,11326,99551,443
20191030,0,0,0,0,0,0,11324,11351,11295,11338,86517,444
20191031,0,0,0,0,0,0,11340,11396,11315,11346,104101,445
20191101,0,0,0,0,0,0,11344,11377,11302,11371,93403,446
20191104,0,0,0,0,0,0,11371,11554,11361,11544,126061,447
20191105,0,0,0,0,0,0,11549,11650,11538,11645,125204,448
20191106,0,0,0,0,0,0,11633,11682,11600,11653,128498,449
20191107,0,0,0,0,0,0,11648,11662,11558,11596,121772,450
20191108,0,0,0,0,0,0,11599,11674,11554,11573,130783,451
20191111,0,0,0,0,0,0,11572,11602,11424,11437,144102,452
20191112,0,0,0,0,0,0,11440,11528,11435,11523,102758,453
20191113,0,0,0,0,0,0,11523,11525,11428,11466,124949,454
20191114,0,0,0,0,0,0,11466,11513,11413,11456,137541,455
20191115,0,0,0,0,0,0,11442,11563,11436,11532,123555,456
20191118,0,0,0,0,0,0,11523,11594,11507,11593,95157,457
20191119,0,0,0,0,0,0,11595,11654,11563,11644,105556,458
20191120,0,0,0,0,0,0,11654,11665,11594,11607,79835,459
20191121,0,0,0,0,0,0,11592,11614,11450,11544,169600,460
20191122,0,0,0,0,0,0,11549,11592,11527,11556,107020,461
20191125,0,0,0,0,0,0,11548,11629,11541,11565,107308,462
20191126,0,0,0,0,0,0,11570,11658,11566,11618,125324,463
20191127,0,0,0,0,0,0,11618,11651,11596,11647,89696,464
20191128,0,0,0,0,0,0,11648,11682,11605,11614,110273,465
20191129,0,0,0,0,0,0,11616,11622,11462,11465,150068,466
20191202,0,0,0,0,0,0,11465,11533,11424,11502,125827,467
20191203,0,0,0,0,0,0,11509,11530,11431,11524,131243,468
20191204,0,0,0,0,0,0,11527,11543,11443,11503,159081,469
20191205,0,0,0,0,0,0,11504,11618,11478,11598,127008,470
20191206,0,0,0,0,0,0,11609,11670,11580,11612,114565,471
20191209,0,0,0,0,0,0,11625,11699,11617,11671,102998,472
20191210,0,0,0,0,0,0,11673,11683,11605,11625,89622,473
20191211,0,0,0,0,0,0,11616,11706,11559,11706,139339,474
20191212,0,0,0,0,0,0,11709,11888,11696,11853,152426,475
20191213,0,0,0,0,0,0,11850,12007,11837,11965,166933,476
20191216,0,0,0,0,0,0,11958,11991,11908,11961,125401,477
20191217,0,0,0,0,0,0,11966,12102,11945,12100,109652,478
20191218,0,0,0,0,0,0,12088,12129,12058,12118,69982,479
20191219,0,0,0,0,0,0,12080,12118,12015,12030,112381,480
20191220,0,0,0,0,0,0,12039,12079,11951,11979,149981,481
20191223,0,0,0,0,0,0,11977,12029,11970,12020,95532,482
20191224,0,0,0,0,0,0,12014,12045,11982,11983,70145,483
20191225,0,0,0,0,0,0,11980,12027,11958,12020,55585,484
20191226,0,0,0,0,0,0,12017,12042,11986,12009,56057,485
20191227,0,0,0,0,0,0,12007,12112,12000,12097,85949,486
20191230,0,0,0,0,0,0,12103,12125,12065,12069,84233,487
20191231,0,0,0,0,0,0,12066,12075,11992,11995,97367,488
20200102,0,0,0,0,0,0,11996,12120,11965,12102,122904,489
20200103,0,0,0,0,0,0,12099,12198,11996,12086,204860,490
20200106,0,0,0,0,0,0,12092,12094,11948,11950,155239,491
20200107,0,0,0,0,0,0,11938,12009,11816,11871,196155,492
20200108,0,0,0,0,0,0,11867,11911,11697,11788,195020,493
20200109,0,0,0,0,0,0,11808,11998,11804,11968,154086,494
20200110,0,0,0,0,0,0,11970,12042,11940,12010,135067,495
20200113,0,27691,68938,27296,65748,0,12015,12121,11997,12117,134686,496
20200114,0,22221,53481,21802,54764,0,12122,12199,12114,12181,108245,497
20200115,0,20173,47962,22434,57241,0,12174,12197,12058,12063,105203,498
20200116,0,25814,66449,26344,67023,0,12067,12085,11990,12056,133472,499
20200117,0,25017,66726,25880,66944,0,12066,12118,12029,12072,133670,500
20200120,0,19540,48310,18417,45817,0,12077,12160,12072,12111,94127,501
20200130,0,53284,121420,55537,138051,0,12116,12117,11366,11370,259471,502
20200131,0,47196,113804,46190,110699,0,11367,11567,11271,11468,224503,503
20200203,0,62842,137573,64364,139918,0,11455,11470,11152,11325,277491,504
20200204,0,38867,94831,36692,87551,0,11309,11557,11298,11534,182382,505
20200205,0,42768,98580,42047,98102,0,11541,11639,11474,11542,196682,506
20200206,0,41233,96064,39614,88532,0,11554,11744,11539,11741,184596,507
20200207,0,35465,81141,38510,92235,0,11741,11742,11566,11592,173376,508
20200210,0,42294,98843,42705,101651,0,11614,11626,11402,11564,200494,509
20200211,0,28352,66575,26764,61146,0,11565,11689,11520,11666,127721,510
20200212,0,29481,71709,27048,64059,0,11657,11797,11645,11771,135768,511
20200213,0,30097,71813,29947,73389,0,11780,11842,11762,11774,145202,512
20200214,0,32763,76907,31184,74961,0,11775,11852,11708,11812,151868,513
20200217,0,26907,63298,27859,66399,0,11810,11812,11702,11770,129697,514
20200218,0,30323,71947,31938,78803,0,11774,11786,11627,11640,150750,515
20200219,0,26281,60627,24645,55590,0,11627,11805,11603,11760,116217,516
20200220,0,31960,78361,34715,87051,0,11762,11830,11679,11715,165412,517
20200221,0,37040,91216,38028,93940,0,11723,11765,11621,11664,185156,518
20200224,0,38993,89296,39503,94194,0,11666,11678,11476,11508,183490,519
20200225,0,51636,120933,52258,121355,0,11505,11561,11315,11542,242288,520
20200226,0,54060,127320,56882,136526,0,11549,11555,11340,11421,263846,521
20200227,0,60378,138026,64037,150165,0,11392,11487,11237,11273,288191,522
20200302,0,73176,168141,74706,171771,0,11306,11345,11005,11174,339912,523
20200303,0,63399,149832,62596,143983,0,11171,11375,11072,11324,293815,524
20200304,0,57001,132355,58956,135078,0,11331,11400,11206,11364,267433,525
20200305,0,37192,88701,35923,84289,0,11380,11501,11368,11492,172990,526
20200306,0,43922,102493,48976,119690,0,11481,11486,11260,11269,222183,527
20200309,0,75268,164897,77190,168608,0,11263,11287,10916,10950,333505,528
20200310,0,83184,182460,83975,182109,0,10957,10996,10680,10984,364569,529
20200311,0,65826,151374,68021,159210,0,10962,11050,10807,10821,310584,530
20200312,0,106423,219262,108451,223853,0,10821,10879,10161,10367,443115,531
20200313,0,142776,273286,146041,281761,0,10362,10378,9450,10021,555047,532
20200316,0,120878,226315,122542,231690,0,10030,10346,9636,9668,458005,533
20200317,0,122337,216642,124945,222971,0,9623,9677,9180,9363,439613,534
20200318,0,78280,141740,79135,143170,0,9396,9504,9073,9263,284910,535
20200319,0,122384,228863,125408,237043,0,8788,8872,8268,8353,465906,536
20200320,0,107052,216801,106446,209095,0,8484,9166,8397,9013,425896,537
20200323,0,88587,163593,91588,172794,0,9157,9340,8555,8688,336387,538
20200324,0,89518,170700,89831,170802,0,8704,9295,8658,9193,341502,539
20200325,0,75097,155676,75284,152518,0,9289,9624,9240,9583,308194,540
20200326,0,86585,175549,87620,174896,0,9639,9788,9426,9638,350445,541
20200327,0,76141,146717,77191,149319,0,9573,9910,9525,9583,296036,542
20200330,0,67060,129577,66745,131487,0,9613,9621,9266,9576,261064,543
20200331,0,54140,107740,54305,109561,0,9533,9717,9450,9596,217301,544
20200401,0,45634,93658,47080,95989,0,9630,9665,9551,9552,189647,545
20200406,0,48284,100006,49464,101649,0,9500,9860,9422,9826,201655,546
20200407,0,44560,95165,43716,91766,0,9813,10020,9792,9997,186931,547
20200408,0,51231,105734,50866,106603,0,10085,10184,9945,10127,212337,548
20200409,0,47779,98878,48477,100870,0,10077,10197,10008,10101,199748,549
20200410,0,35638,73553,35613,73050,0,10105,10140,9985,10133,146603,550
20200413,0,28159,58415,28351,59582,0,10131,10185,10031,10073,117997,551
20200414,0,34822,75024,32264,68601,0,10081,10355,10069,10346,143625,552
20200415,0,25065,49560,25336,50747,0,10338,10463,10324,10450,100307,553
20200416,0,38304,83028,37820,84069,0,10315,10343,10161,10302,167097,554
20200417,0,52974,109033,54402,112784,0,10408,10669,10328,10561,221817,555
20200420,0,34014,68597,35371,74523,0,10538,10567,10458,10476,143120,556
20200421,0,54317,113224,56847,118970,0,10476,10478,10144,10198,232194,557
20200422,0,49262,105192,48996,102785,0,10231,10243,10061,10225,207977,558
20200423,0,47967,104082,47829,105057,0,10240,10402,10154,10292,209139,559
20200424,0,38399,79869,38064,79615,0,10308,10364,10211,10270,159484,560
20200427,0,38966,84368,37344,79022,0,10287,10567,10265,10547,163390,561
20200428,0,33093,70012,33483,72754,0,10531,10628,10480,10582,142766,562
20200429,0,37084,79812,37364,78694,0,10576,10770,10572,10707,158506,563
20200430,0,37842,81310,36494,77030,0,10710,10971,10697,10944,158340,564
20200504,0,46460,94878,47835,104683,0,10938,10946,10477,10615,199561,565
20200505,0,37604,79419,37106,79835,0,10638,10795,10558,10725,159254,566
20200506,0,37417,80266,37279,82148,0,10732,10780,10618,10750,162414,567
20200507,0,36764,80038,36441,78758,0,10774,10877,10691,10833,158796,568
20200508,0,31364,67935,31694,69606,0,10827,10956,10810,10896,137541,569
20200511,0,28683,62068,28048,62591,0,10873,11038,10850,10983,124659,570
20200512,0,35284,76443,36635,84257,0,10985,10995,10802,10865,160700,571
20200513,0,33280,74286,32075,71078,0,10850,10938,10765,10915,145364,572
20200514,0,40755,88737,44480,99381,0,10922,10960,10738,10750,188118,573
20200515,0,44881,101172,44330,100261,0,10735,10877,10644,10818,201433,574
20200518,0,39568,85786,41215,90248,0,10819,10844,10691,10763,176034,575
20200519,0,34799,78605,34913,79632,0,10755,10972,10755,10872,158237,576
20200520,0,23315,48164,23835,48966,0,10918,10960,10850,10887,97130,577
20200521,0,33919,77786,32307,75267,0,10851,11008,10827,10952,153053,578
20200522,0,38254,85423,42292,99023,0,10943,10965,10723,10743,184446,579
20200525,0,39140,87095,37308,82417,0,10729,10840,10651,10817,169512,580
20200526,0,28073,64712,26986,61858,0,10836,11027,10810,10984,126570,581
20200527,0,28854,66454,30291,70644,0,11002,11037,10926,10972,137098,582
20200528,0,40054,90079,41346,94721,0,10963,11077,10856,10907,184800,583
20200529,0,35558,80734,35793,80442,0,10914,10983,10806,10922,161176,584
20200601,0,24218,52557,23211,50487,0,10983,11103,10971,11057,103044,585
20200602,0,26403,57430,27114,59494,0,11065,11140,11001,11106,116924,586
20200603,0,32420,74278,30920,70730,0,11112,11299,11098,11283,145008,587
20200604,0,34240,76719,34575,79120,0,11297,11472,11280,11357,155839,588
20200605,0,29594,65616,27644,62262,0,11347,11473,11341,11457,127878,589
20200608,0,37580,82226,35954,82154,0,11476,11626,11474,11570,164380,590
20200609,0,28043,61533,28066,62854,0,11568,11631,11521,11609,124387,591
20200610,0,30553,67813,28757,65847,0,11603,11730,11553,11706,133660,592
20200611,0,40578,88173,43136,98422,0,11687,11746,11475,11491,186595,593
20200612,0,49272,100132,49878,103162,0,11491,11532,11250,11395,203294,594
20200615,0,50591,102213,53005,108137,0,11375,11484,11216,11229,210350,595
20200616,0,43081,91335,41132,85477,0,11211,11554,11180,11526,176812,596
20200617,0,31795,62025,32174,64531,0,11500,11574,11432,11521,126556,597
20200618,0,36643,78061,36183,78175,0,11385,11431,11295,11394,156236,598
20200619,0,31081,66009,31922,68538,0,11411,11470,11361,11410,134547,599
20200622,0,35194,77167,35983,78780,0,11442,11498,11333,11423,155947,600
20200623,0,37509,84214,38752,86035,0,11426,11540,11346,11455,170249,601
20200624,0,28247,61489,28054,61277,0,11470,11570,11460,11523,122766,602
20200629,0,37914,83130,40136,91386,0,11520,11528,11315,11361,174516,603
20200630,0,26723,62671,25068,57359,0,11361,11502,11357,11469,120030,604
20200701,0,29708,70300,29656,70047,0,11454,11623,11415,11546,140347,605
20200702,0,30876,71312,29113,65522,0,11559,11712,11516,11695,136834,606
20200703,0,31102,73303,30926,70724,0,11729,11850,11724,11838,144027,607
20200706,0,29256,65223,27070,61286,0,11870,12072,11850,12065,126509,608
20200707,0,36058,83446,37103,87637,0,12071,12192,11990,12027,171083,609
20200708,0,32472,75838,30340,71114,0,12010,12145,11967,12125,146952,610
20200709,0,32280,72956,32488,75546,0,12127,12222,12117,12147,148502,611
20200710,0,37130,85567,39260,91587,0,12138,12213,11987,11999,177154,612
20200713,0,30086,70200,27846,65204,0,12006,12210,12002,12205,135404,613
20200714,0,33251,76845,34174,80545,0,12191,12297,12119,12188,157390,614
20200715,0,27927,57152,28913,59790,0,12206,12323,12150,12220,116942,615
20200716,0,38751,86917,39453,91403,0,12062,12129,11931,12032,178320,616
20200717,0,34844,78908,35316,80682,0,12026,12138,11973,12039,159590,617
20200720,0,31819,72598,31268,73942,0,12048,12077,11903,12031,146540,618
20200721,0,33621,77853,31043,71665,0,12029,12324,12014,12289,149518,619
20200722,0,31831,70792,31764,72131,0,12298,12369,12254,12331,142923,620
20200723,0,35368,80854,34962,83992,0,12325,12339,12199,12288,164846,621
20200724,0,46430,106254,48249,113000,0,12308,12352,12123,12150,219254,622
20200727,0,50016,112945,46692,103129,0,12150,12572,12103,12503,216074,623
20200728,0,71039,155038,71732,160341,0,12519,12900,12408,12457,315379,624
20200729,0,45921,99247,47110,102874,0,12458,12543,12322,12423,202121,625
20200730,0,42398,90845,40221,88191,0,12450,12656,12437,12596,179036,626
20200731,0,43257,96950,43513,100065,0,12576,12644,12434,12577,197015,627
20200803,0,43113,91240,44561,100003,0,12583,12600,12405,12443,191243,628
20200804,0,36005,84010,32845,75355,0,12425,12632,12371,12629,159365,629
20200805,0,32158,73379,30986,70861,0,12662,12746,12628,12744,144240,630
20200806,0,42158,93571,41664,93934,0,12755,12925,12753,12835,187505,631
20200807,0,33666,74603,35061,80604,0,12836,12879,12706,12763,155207,632
20200810,0,32114,72647,31120,70333,0,12759,12905,12720,12855,142980,633
20200811,0,30216,67401,32531,75147,0,12844,12874,12727,12737,142548,634
20200812,0,37059,86384,38013,89681,0,12707,12783,12565,12655,176065,635
20200813,0,31821,77175,31855,75005,0,12700,12836,12699,12723,152180,636
20200814,0,30239,71166,28951,68102,0,12733,12790,12646,12788,139268,637
20200817,0,29237,70045,27316,63019,0,12789,12959,12747,12955,133064,638
20200818,0,29045,67927,31387,74836,0,12980,13029,12836,12875,142763,639
20200819,0,21426,45168,22943,48514,0,12855,12955,12780,12806,93682,640
20200820,0,60371,125523,63681,141139,0,12741,12777,12067,12305,266662,641
20200821,0,44661,98368,42542,93500,0,12295,12598,12252,12543,191868,642
20200824,0,33219,70021,33184,70362,0,12561,12653,12464,12604,140383,643
20200825,0,34601,75167,34087,72550,0,12631,12795,12574,12737,147717,644
20200826,0,27549,58991,25583,55936,0,12736,12799,12681,12792,114927,645
20200827,0,37066,76751,38418,81104,0,12796,12925,12735,12760,157855,646
20200828,0,40681,90196,41725,95538,0,12765,12810,12634,12691,185734,647
20200831,0,37591,83037,40687,90655,0,12686,12826,12563,12591,173692,648
20200901,0,37124,82769,35016,77767,0,12567,12698,12476,12691,160536,649
20200902,0,33886,75701,34986,78936,0,12694,12776,12595,12691,154637,650
20200903,0,39604,86773,39507,87305,0,12691,12858,12650,12732,174078,651
20200904,0,49358,102123,50573,107775,0,12745,12758,12484,12606,209898,652
20200907,0,50317,109368,51908,112247,0,12607,12733,12497,12582,221615,653
20200908,0,30377,67689,29378,65880,0,12561,12695,12537,12667,133569,654
20200909,0,48385,108554,49777,114436,0,12681,12699,12434,12598,222990,655
20200910,0,34374,76986,31487,71230,0,12574,12706,12568,12699,148216,656
20200911,0,36409,79378,38823,86673,0,12711,12736,12592,12661,166051,657
20200914,0,33572,73146,32222,69051,0,12656,12797,12582,12785,142197,658
20200915,0,24268,53712,23151,52181,0,12795,12855,12756,12840,105893,659
20200916,0,24817,52483,23709,51402,0,12845,13018,12840,12968,103885,660
20200917,0,33310,76338,34975,81994,0,12909,12957,12772,12816,158332,661
20200918,0,31613,72256,31255,70960,0,12783,12866,12760,12835,143216,662
20200921,0,36603,81024,40618,93541,0,12832,12877,12655,12659,174565,663
20200922,0,46849,99456,47949,105107,0,12659,12675,12481,12507,204563,664
20200923,0,37318,81104,36961,82387,0,12500,12575,12441,12528,163491,665
20200924,0,50607,102851,53513,112476,0,12526,12567,12166,12175,215327,666
20200925,0,49720,107128,50868,107327,0,12168,12309,12050,12195,214455,667
20200928,0,34957,74490,32970,68974,0,12209,12421,12127,12417,143464,668
20200929,0,31140,67978,32941,71683,0,12419,12522,12395,12421,139661,669
20200930,0,33580,72927,32904,71411,0,12409,12548,12370,12472,144338,670
20201005,0,30640,67031,31099,68304,0,12472,12620,12459,12529,135335,671
20201006,0,30489,66990,28244,62878,0,12520,12704,12490,12675,129868,672
20201007,0,30715,67510,29791,64593,0,12679,12758,12600,12755,132103,673
20201008,0,29531,65884,28443,63615,0,12761,12876,12758,12873,129499,674
20201012,0,32471,71215,32564,71730,0,12893,12995,12840,12920,142945,675
20201013,0,27267,61587,27481,63684,0,12911,12984,12816,12919,125271,676
20201014,0,25534,56185,25997,58647,0,12908,12956,12871,12888,114832,677
20201015,0,34131,77489,34806,79440,0,12897,12907,12727,12840,156929,678
20201016,0,32992,75025,34274,80105,0,12819,12865,12718,12745,155130,679
20201019,0,28368,65509,25531,57604,0,12744,12912,12727,12896,123113,680
20201020,0,21224,46436,22856,52467,0,12899,12928,12813,12856,98903,681
20201021,0,19636,40069,20464,41855,0,12868,12946,12847,12860,81924,682
20201022,0,30055,71567,28563,67286,0,12820,12839,12707,12837,138853,683
20201023,0,24281,56522,25087,58846,0,12837,12894,12795,12839,115368,684
20201026,0,26311,58657,25355,55356,0,12820,12935,12816,12858,114013,685
20201027,0,27065,58930,28135,63366,0,12855,12867,12747,12807,122296,686
20201028,0,22635,50631,25504,58698,0,12813,12819,12713,12739,109329,687
20201029,0,42719,91496,44693,97112,0,12733,12743,12504,12602,188608,688
20201030,0,38003,81841,40979,91262,0,12600,12634,12407,12414,173103,689
20201102,0,35735,77717,35056,75790,0,12395,12531,12370,12515,153507,690
20201103,0,29913,65949,29200,61974,0,12510,12715,12496,12685,127923,691
20201104,0,41987,95446,41775,94242,0,12696,12879,12662,12865,189688,692
20201105,0,36287,78192,36443,77062,0,12848,12950,12804,12890,155254,693
20201106,0,32325,73145,31080,67798,0,12891,12991,12888,12936,140943,694
20201109,0,36469,79986,35544,76061,0,12942,13175,12923,13121,156047,695
20201110,0,43835,94461,44894,98281,0,13113,13350,13010,13071,192742,696
20201111,0,37283,82555,34810,74974,0,13090,13281,13053,13263,157529,697
20201112,0,30201,65179,32080,71217,0,13284,13327,13193,13230,136396,698
20201113,0,26932,59614,26303,58434,0,13234,13296,13163,13284,118048,699
20201116,0,30847,69982,27034,60909,0,13293,13582,13292,13581,130891,700
20201117,0,36320,76064,36513,78660,0,13579,13768,13545,13625,154724,701
20201118,0,22871,47805,20589,43954,0,13631,13788,13600,13756,91759,702
20201119,0,33197,72452,33753,74027,0,13708,13838,13662,13740,146479,703
20201120,0,28169,62712,28761,66246,0,13760,13789,13640,13736,128958,704
20201123,0,32768,71972,31820,72243,0,13733,13943,13715,13875,144215,705
20201124,0,26223,57281,28784,63664,0,13874,13928,13777,13804,120945,706
20201125,0,33082,73247,34781,78102,0,13797,13909,13692,13709,151349,707
20201126,0,30844,68710,28258,61102,0,13709,13862,13662,13841,129812,708
20201127,0,24799,56907,24293,55568,0,13839,13890,13749,13878,112475,709
20201130,0,35620,78160,38339,87613,0,13894,13975,13704,13722,165773,710
20201201,0,31408,69777,29208,64149,0,13681,13885,13670,13877,133926,711
20201202,0,33510,75451,32163,71678,0,13861,13980,13840,13956,147129,712
20201203,0,33721,76333,33172,75625,0,13972,14047,13903,13986,151958,713
20201204,0,31743,71691,30582,65034,0,13982,14149,13982,14138,136725,714
20201207,0,34263,75918,34112,77359,0,14149,14247,14087,14225,153277,715
20201208,0,32986,71803,29358,66236,0,14214,14350,14156,14342,138039,716
20201209,0,29355,63089,29081,64847,0,14333,14425,14320,14397,127936,717
20201210,0,37363,81210,39545,89005,0,14395,14405,14178,14241,170215,718
20201211,0,47512,103968,48703,107032,0,14235,14340,14091,14236,211000,719
20201214,0,31878,69028,33119,73434,0,14241,14285,14155,14200,142462,720
20201215,0,34890,75575,37290,83144,0,14192,14232,14030,14085,158719,721
20201216,0,24519,53251,21479,45463,0,14099,14328,14097,14323,98714,722
20201217,0,33800,70657,34048,75209,0,14192,14236,14085,14186,145866,723
20201218,0,25122,56477,25488,57944,0,14176,14222,14128,14137,114421,724
20201221,0,36516,82271,32679,73159,0,14137,14313,14021,14312,155430,725
20201222,0,43687,95500,47384,107287,0,14318,14334,14042,14046,202787,726
20201223,0,37200,80291,37029,79317,0,14036,14181,14006,14113,159608,727
20201224,0,30375,65979,28942,60143,0,14130,14287,14128,14242,126122,728
20201225,0,25932,53793,26819,55658,0,14279,14383,14245,14305,109451,729
20201228,0,21440,47177,18932,41539,0,14305,14444,14262,14437,88716,730
20201229,0,22599,50107,24212,53318,0,14436,14475,14376,14459,103425,731
20201230,0,27457,64047,23920,54052,0,14461,14643,14440,14638,118099,732
20201231,0,27228,60574,28792,62773,0,14646,14712,14604,14678,123347,733
20210103,0,30933,71957,27621,64461,0,14640,14925,14635,14874,136418,734
20210104,0,35336,80390,32115,74189,0,14677,14925,14630,14874,154579,735
20210105,0,39358,86808,38229,84262,0,14888,14980,14781,14977,171070,736
20210106,0,59698,136056,60772,138942,0,15003,15140,14764,14911,274998,737
20210107,0,48908,107085,44181,97356,0,14925,15260,14858,15230,204441,738
20210108,0,51611,108051,50302,106655,0,15238,15473,15226,15454,214706,739
20210110,0,31407,70113,29749,67978,0,15420,15538,15369,15534,138091,740
20210111,0,46744,100117,45448,98623,0,15462,15538,15335,15534,198740,741
20210112,0,48222,108320,49304,111275,0,15518,15605,15407,15493,219595,742
20210113,0,44045,97910,41407,90818,0,15500,15790,15486,15764,188728,743
20210114,0,39453,82945,40104,89935,0,15767,15814,15632,15729,172880,744
20210115,0,70574,154513,72233,159075,0,15758,16061,15584,15634,313588,745
20210118,0,55834,117341,54847,118333,0,15641,15739,15327,15606,235674,746
20210119,0,39623,87904,35893,80440,0,15588,15946,15570,15888,168344,747
20210120,0,40580,75728,42460,82538,0,15871,15964,15735,15766,158266,748
20210121,0,61379,140535,56618,128408,0,15759,16183,15740,16129,268943,749
20210122,0,45541,96219,46739,103100,0,16105,16145,15928,15984,199319,750
20210125,0,54505,113254,54857,116981,0,15952,16004,15719,15912,230235,751
20210126,0,64111,134774,66379,142844,0,15923,15974,15537,15626,277618,752
20210127,0,52813,115610,52288,114897,0,15615,15814,15585,15660,230507,753
20210128,0,66168,136674,69700,148490,0,15665,15680,15305,15383,285164,754
20210129,0,72131,150116,74113,157469,0,15375,15585,15063,15075,307585,755
20210201,0,38692,86033,36326,78028,0,15156,15398,15090,15360,164061,756
20210202,0,53760,115272,51105,109029,0,15362,15820,15315,15755,224301,757
20210203,0,43990,89833,46717,97842,0,15732,15884,15716,15772,187675,758
20210204,0,46863,97127,47752,101837,0,15771,15820,15542,15701,198964,759
20210205,0,48331,94905,47018,93965,0,15735,15984,15730,15804,188870,760
20210217,0,33221,60855,32020,56629,0,15803,16433,15737,16326,117484,761
20210218,0,46970,93669,47674,96230,0,16349,16525,16282,16380,189899,762
20210219,0,47060,93491,47907,98577,0,16350,16368,16130,16314,192068,763
20210222,0,49240,97833,49183,98972,0,16348,16564,16336,16385,196805,764
20210223,0,45909,93312,44900,92626,0,16365,16451,16182,16437,185938,765
20210224,0,61840,118188,65911,130653,0,16416,16435,16133,16182,248841,766
20210225,0,51346,101230,48788,96020,0,16150,16422,16139,16388,197250,767
20210226,0,67697,126422,69710,136144,0,16394,16397,15852,15935,262566,768
20210302,0,63518,120707,66785,126213,0,15931,16277,15746,15907,246920,769
20210303,0,52704,105792,50633,100509,0,15935,16196,15885,16181,206301,770
20210304,0,67718,129714,71366,140249,0,16195,16255,15756,15925,269963,771
20210305,0,72004,136661,71386,138382,0,15940,15998,15570,15855,275043,772
20210308,0,70793,135449,72520,136841,0,15863,16095,15705,15816,272290,773
20210309,0,63506,120503,63759,122415,0,15825,15958,15608,15822,242918,774
20210310,0,47460,95751,46705,94969,0,15778,15997,15768,15883,190720,775
20210311,0,50792,99924,48708,93773,0,15883,16214,15868,16174,193697,776
20210312,0,37385,74765,38464,78001,0,16163,16288,16155,16222,152766,777
20210315,0,39018,74022,39571,76708,0,16197,16249,16093,16200,150730,778
20210316,0,35848,70947,34559,68770,0,16197,16348,16151,16305,139717,779
20210317,0,24157,44217,27755,52429,0,16325,16361,16161,16176,96646,780
20210318,0,44541,90204,44327,89989,0,16160,16401,16083,16239,180193,781
20210319,0,48599,96392,51740,106478,0,16258,16265,15953,16012,202870,782
20210322,0,46462,93864,43598,89082,0,16011,16174,15911,16140,182946,783
20210323,0,37619,75973,39794,80098,0,16147,16277,16090,16120,156071,784
20210324,0,37665,78138,39801,86117,0,16123,16146,15939,15983,164255,785
20210325,0,42922,90365,42529,89435,0,15977,16090,15857,16032,179800,786
20210326,0,42593,90369,39073,80292,0,16031,16293,15975,16288,170661,787
20210329,0,39254,79382,38747,78578,0,16300,16485,16240,16411,157960,788
20210330,0,34183,69358,34204,66599,0,16425,16531,16413,16519,135957,789
20210331,0,31610,61973,34501,71165,0,16526,16567,16403,16422,133138,790
20210401,0,35146,73237,33863,69340,0,16413,16587,16413,16551,142577,791
20210406,0,33194,67380,33958,67612,0,16580,16840,16564,16731,134992,792
20210407,0,27309,57001,26909,59066,0,16742,16795,16673,16768,116067,793
20210408,0,33356,70017,30362,63955,0,16765,16930,16687,16930,133972,794
20210409,0,29398,59943,32400,66911,0,16930,16977,16810,16841,126854,795
20210412,0,33418,66895,33676,69115,0,16833,16965,16760,16834,136010,796
20210413,0,41284,86108,42528,89558,0,16845,17046,16780,16795,175666,797
20210414,0,49885,104240,50503,109529,0,16807,16917,16592,16856,213769,798
20210415,0,41795,85847,37681,76246,0,16859,17074,16826,17071,162093,799
20210416,0,39742,83045,40351,84897,0,17097,17160,16990,17158,167942,800
20210419,0,31905,66467,29248,61163,0,17143,17296,17111,17271,127630,801
20210420,0,30661,63622,31469,65170,0,17278,17324,17201,17319,128792,802
20210421,0,27891,53228,29600,58135,0,17305,17329,17150,17231,111363,803
20210422,0,50291,108095,51330,111245,0,17151,17369,17053,17109,219340,804
20210423,0,42299,85927,40535,81358,0,17096,17260,17011,17257,167285,805
20210426,0,39475,84208,35010,73996,0,17257,17536,17251,17530,158204,806
20210427,0,35097,74706,35614,75398,0,17528,17576,17460,17571,150104,807
20210428,0,28045,59476,28980,63369,0,17561,17570,17475,17533,122845,808
20210429,0,42869,89608,43327,90598,0,17528,17702,17503,17571,180206,809
20210503,0,49951,100959,55331,118345,0,17581,17633,17226,17253,219304,810
20210504,0,72509,136673,74737,145764,0,17249,17328,16668,16933,282437,811
20210505,0,58242,113994,58192,114690,0,16943,17020,16662,16769,228684,812
20210506,0,59186,120324,57070,115282,0,16785,17081,16700,16944,235606,813
20210507,0,50049,97725,46394,89606,0,16967,17288,16942,17287,187331,814
20210510,0,40887,77844,43575,84313,0,17269,17375,17178,17228,162157,815
20210511,0,73678,138976,77994,154916,0,17214,17220,16425,16556,293892,816
20210512,0,143081,245053,145219,254129,0,16569,16580,15027,15692,499182,817
20210513,0,104912,167708,105403,170244,0,15688,15991,15348,15566,337952,818
20210514,0,96393,164708,95306,163550,0,15588,16021,15318,15772,328258,819
20210517,0,93287,158163,96388,163796,0,15747,15974,15096,15263,321959,820
20210518,0,76402,138056,72348,128547,0,15292,16180,15284,16147,266603,821
20210519,0,48334,81445,49024,83844,0,16164,16318,15979,16138,165289,822
20210520,0,64264,113703,64655,116202,0,16006,16113,15845,15981,229905,823
20210521,0,65137,119981,64083,117598,0,15961,16425,15933,16257,237579,824
20210524,0,52859,96862,53460,98709,0,16254,16368,16006,16294,195571,825
20210525,0,50896,94648,48832,89411,0,16290,16623,16265,16585,184059,826
20210526,0,38420,72425,40090,73927,0,16624,16664,16494,16616,146352,827
20210527,0,47979,90914,47858,89460,0,16614,16673,16219,16534,180374,828
20210528,0,44850,85388,42532,81133,0,16500,16878,16493,16863,166521,829
20210531,0,49910,94633,50015,93287,0,16850,17098,16805,17013,187920,830
20210601,0,35747,67858,35754,65862,0,17029,17148,16966,17130,133720,831
20210602,0,38581,77037,39639,79483,0,17157,17226,17016,17098,156520,832
20210603,0,42630,81976,41960,82931,0,17071,17313,17059,17230,164907,833
20210604,0,39368,78024,40524,81311,0,17201,17210,17025,17100,159335,834
20210607,0,58275,109260,57828,110056,0,17105,17260,16719,17090,219316,835
20210608,0,35670,67337,36399,70082,0,17120,17200,17030,17090,137419,836
20210609,0,41296,79460,43105,84378,0,17077,17125,16889,16963,163838,837
20210610,0,42641,85300,40181,78452,0,16957,17175,16926,17159,163752,838
20210611,0,36551,70361,37320,71827,0,17157,17298,17117,17219,142188,839
20210615,0,31091,60898,29426,56635,0,17219,17402,17181,17398,117533,840
20210616,0,23269,42582,24963,45984,0,17408,17433,17033,17345,88566,841
20210617,0,34480,70010,32054,66577,0,17257,17298,17039,17297,136587,842
20210618,0,31713,64645,32718,67907,0,17275,17332,17212,17252,132552,843
20210621,0,49735,93157,52860,101572,0,17256,17258,16891,16962,194729,844
20210622,0,35385,70263,35544,69454,0,17008,17180,16988,17028,139717,845
20210623,0,43310,88099,41621,83306,0,17020,17319,16929,17272,171405,846
20210624,0,30412,61683,29834,60156,0,17281,17398,17218,17336,121839,847
20210625,0,34576,68525,35058,69050,0,17352,17562,17345,17419,137575,848
20210628,0,27303,52375,26042,50335,0,17419,17560,17398,17535,102710,849
20210629,0,32389,65732,33835,70523,0,17534,17627,17451,17529,136255,850
20210630,0,31561,64728,28763,59586,0,17527,17766,17511,17715,124314,851
20210701,0,38172,75380,41263,82859,0,17720,17774,17555,17646,158239,852
20210702,0,33433,65397,34003,67302,0,17646,17724,17566,17653,132699,853
20210705,0,34610,68130,31602,62649,0,17655,17920,17646,17898,130779,854
20210706,0,25042,49463,26252,53501,0,17910,17974,17858,17878,102964,855
20210707,0,37691,74181,38825,77288,0,17890,17906,17701,17830,151469,856
20210708,0,37643,73144,38262,75662,0,17843,17917,17694,17825,148806,857
20210709,0,49695,97394,50247,101795,0,17777,17780,17526,17658,199189,858
20210712,0,40223,81132,39938,79378,0,17710,17960,17704,17824,160510,859
20210713,0,35983,72752,37698,74766,0,17840,18030,17808,17869,147518,860
20210714,0,37933,75026,38372,77923,0,17862,17937,17748,17874,152949,861
20210715,0,34060,71137,30556,63532,0,17864,18046,17860,18022,134669,862
20210716,0,39114,79491,41165,87387,0,18004,18012,17772,17925,166878,863
20210719,0,41422,81648,42042,84067,0,17906,17951,17647,17794,165715,864
20210720,0,48062,94974,53362,106452,0,17800,17806,17478,17558,201426,865
20210721,0,37090,69442,37110,69897,0,17584,17674,17376,17430,139339,866
20210722,0,40967,86935,41406,85732,0,17299,17525,17233,17407,172667,867
20210723,0,37481,75050,38671,78000,0,17421,17559,17353,17407,153050,868
20210726,0,34341,66094,37207,76032,0,17409,17487,17197,17202,142126,869
20210727,0,38232,80315,39659,83606,0,17216,17348,17138,17173,163921,870
20210728,0,67446,135781,68752,140275,0,17146,17168,16733,16965,276056,871
20210729,0,43774,92065,39812,80338,0,16996,17332,16984,17331,172403,872
20210730,0,35757,73171,38568,81175,0,17348,17420,17126,17173,154346,873
20210802,0,45191,94865,42815,86553,0,17174,17470,17160,17470,181418,874
20210803,0,31700,63716,31742,64421,0,17469,17496,17343,17484,128137,875
20210804,0,30816,62485,29565,59449,0,17490,17586,17409,17571,121934,876
20210805,0,21174,42608,22849,47448,0,17584,17588,17519,17542,90056,877
20210806,0,35337,71340,35834,75239,0,17505,17568,17295,17437,146579,878
20210809,0,36201,76252,34365,72123,0,17447,17477,17235,17404,148375,879
20210810,0,29541,61915,32352,69558,0,17406,17467,17259,17299,131473,880
20210811,0,41188,87131,42646,89133,0,17300,17324,17078,17171,176264,881
20210812,0,31231,63208,31267,63848,0,17152,17235,17116,17157,127056,882
20210813,0,41314,84725,44082,93750,0,17155,17212,16934,16934,178475,883
20210816,0,42067,83910,42542,85167,0,16949,16962,16750,16772,169077,884
20210817,0,34978,72229,36539,76850,0,16800,16873,16575,16580,149079,885
20210818,0,41702,78967,39692,74083,0,16556,16796,16313,16784,153050,886
20210819,0,54301,110495,57037,119261,0,16692,16709,16256,16329,229756,887
20210820,0,67973,136638,68465,136480,0,16251,16426,16050,16193,273118,888
20210823,0,44051,88937,40449,80582,0,16223,16729,16194,16684,169519,889
20210824,0,31191,60554,31386,61141,0,16668,16842,16621,16784,121695,890
20210825,0,34566,71636,31696,63517,0,16803,16982,16736,16963,135153,891
20210826,0,40838,83782,42826,87986,0,16990,17148,16882,16995,171768,892
20210827,0,40757,82735,38642,77818,0,16976,17218,16908,17170,160553,893
20210830,0,32942,66910,31540,62841,0,17194,17353,17179,17339,129751,894
20210831,0,36992,79773,37397,80076,0,17335,17468,17144,17457,159849,895
20210901,0,33006,73299,33682,73079,0,17470,17500,17363,17476,146378,896
20210902,0,37736,79486,40117,85093,0,17482,17524,17266,17320,164579,897
20210903,0,36693,75424,34420,69963,0,17351,17553,17342,17509,145387,898
20210906,0,36680,74769,37500,75916,0,17480,17596,17425,17496,150685,899
20210907,0,33270,67880,35263,74498,0,17515,17568,17337,17422,142378,900
20210908,0,42000,87203,44699,93940,0,17424,17447,17163,17262,181143,901
20210909,0,46290,97562,44962,95767,0,17245,17291,17084,17235,193329,902
20210910,0,36116,76704,33249,67572,0,17243,17479,17224,17473,144276,903
20210913,0,30491,62471,31962,66106,0,17458,17496,17356,17442,128577,904
20210914,0,28479,57895,29466,59289,0,17464,17569,17426,17461,117184,905
20210915,0,27684,50014,27853,52074,0,17411,17470,17280,17382,102088,906
20210916,0,30300,58951,30932,62309,0,17332,17365,17191,17248,121260,907
20210917,0,36065,72346,33892,69828,0,17230,17395,17165,17298,142174,908
20210922,0,40814,78783,42092,86133,0,17300,17306,16751,16900,164916,909
20210923,0,34073,69208,32375,64408,0,16920,17130,16869,17080,133616,910
20210924,0,31407,64372,29860,60269,0,17095,17275,17083,17250,124641,911
20210927,0,28590,57816,30542,61962,0,17221,17344,17165,17292,119778,912
20210928,0,30728,61950,31689,66107,0,17275,17285,17042,17170,128057,913
20210929,0,47571,100370,51405,110763,0,17130,17139,16760,16823,211133,914
20210930,0,45592,94285,42768,87881,0,16828,16966,16668,16917,182166,915
20211001,0,50096,102697,54530,114281,0,16940,16942,16415,16517,216978,916
20211004,0,56287,114140,57231,116951,0,16455,16654,16313,16358,231091,917
20211005,0,56248,111646,54376,109541,0,16345,16457,16107,16398,221187,918
20211006,0,41413,85730,42396,85659,0,16381,16500,16265,16359,171389,919
20211007,0,47286,98927,46829,95621,0,16360,16760,16200,16706,194548,920
20211008,0,32470,65915,35273,71382,0,16713,16799,16591,16627,137297,921
20211012,0,44724,88816,43369,87739,0,16619,16671,16285,16418,176555,922
20211013,0,37637,77297,41028,83725,0,16389,16585,16318,16318,161022,923
20211014,0,37804,75517,37510,76174,0,16316,16546,16261,16405,151691,924
20211015,0,38120,80602,35109,72618,0,16454,16790,16445,16782,153220,925
20211018,0,29885,55974,31796,60873,0,16788,16870,16705,16725,116847,926
20211019,0,28945,56826,25610,51698,0,16699,16954,16674,16902,108524,927
20211020,0,19644,35338,21871,40679,0,16933,16989,16863,16882,76017,928
20211021,0,34708,68813,34908,74404,0,16873,17047,16812,16813,143217,929
20211022,0,30742,63855,29453,62235,0,16810,16913,16770,16854,126090,930
20211025,0,33592,66223,32682,64504,0,16849,16930,16731,16888,130727,931
20211026,0,29047,58822,28238,55626,0,16902,17073,16883,17048,114448,932
20211027,0,28430,57914,28775,58139,0,17044,17088,16928,17071,116053,933
20211028,0,27934,56548,29666,59759,0,17070,17103,16980,17038,116307,934
20211029,0,32934,65319,33468,69438,0,17017,17112,16858,16945,134757,935
20211101,0,20315,40967,19695,38832,0,17040,17130,17028,17079,79799,936
20211102,0,30346,59433,33329,65711,0,17078,17255,17004,17047,125144,937
20211103,0,24667,47357,22531,44426,0,17047,17127,17023,17092,91783,938
20211104,0,28736,56796,31796,63321,0,17102,17280,17050,17075,120117,939
20211105,0,30043,61949,25531,52753,0,17067,17279,17059,17267,114702,940
20211108,0,28137,56705,26949,53256,0,17274,17425,17241,17424,109961,941
20211109,0,26297,52604,26101,52488,0,17421,17593,17415,17555,105092,942
20211110,0,25647,51708,27685,57032,0,17560,17633,17496,17555,108740,943
20211111,0,30613,61165,32469,67158,0,17573,17627,17395,17470,128323,944
20211112,0,30033,60278,30201,59879,0,17485,17638,17462,17547,120157,945
20211115,0,27000,52173,25000,49827,0,17540,17707,17520,17664,102000,946
20211116,0,19867,40162,20063,39471,0,17665,17719,17637,17701,79633,947
20211117,0,17044,32855,16798,33633,0,17712,17761,17678,17722,66488,948
20211118,0,26417,57379,23825,52207,0,17758,17868,17743,17860,109586,949
20211119,0,25299,51513,27699,56900,0,17857,17949,17813,17851,108413,950
20211122,0,24737,48564,24786,49009,0,17850,17876,17724,17836,97573,951
20211123,0,32503,65362,34885,72854,0,17838,17889,17638,17659,138216,952
20211124,0,29766,60126,29411,59869,0,17658,17698,17557,17679,119995,953
20211125,0,24594,49777,25685,53115,0,17694,17718,17588,17676,102892,954
20211126,0,33054,67260,36016,76034,0,17667,17676,17307,17342,143294,955
20211129,0,47605,94317,46614,92976,0,17321,17416,17065,17308,187293,956
20211130,0,36672,74154,36627,73932,0,17368,17537,17295,17327,148086,957
20211201,0,47318,94069,44353,85368,0,17291,17617,17209,17586,179437,958
20211202,0,39513,78926,38966,76584,0,17590,17709,17500,17705,155510,959
20211203,0,36002,67534,35842,69221,0,17742,17775,17621,17706,136755,960
20211206,0,36809,69287,36396,70675,0,17707,17736,17527,17693,139962,961
20211207,0,33974,67012,32460,65490,0,17678,17799,17586,17795,132502,962
20211208,0,30750,62907,31839,63580,0,17805,17988,17781,17851,126487,963
20211209,0,25760,51834,25699,52762,0,17849,17946,17812,17911,104596,964
20211210,0,24944,49005,26263,53596,0,17915,17940,17765,17818,102601,965
20211213,0,26916,51635,29030,58424,0,17824,17944,17743,17752,110059,966
20211214,0,29302,57325,32309,63776,0,17765,17793,17565,17605,121101,967
20211215,0,24894,44911,23032,41862,0,17590,17666,17501,17630,86773,968
20211216,0,30491,64308,28152,58405,0,17581,17809,17530,17804,122713,969
20211217,0,28620,59494,29265,58891,0,17813,17850,17675,17786,118385,970
20211220,0,33418,66246,36584,75881,0,17786,17808,17564,17580,142127,971
20211221,0,34242,72646,30440,62667,0,17550,17829,17495,17796,135313,972
20211222,0,19358,40806,20340,41613,0,17812,17852,17762,17833,82419,973
20211223,0,22540,46789,21348,44217,0,17833,17983,17822,17954,91006,974
20211224,0,16133,32817,16873,34603,0,17954,18035,17946,17958,67420,975
20211227,0,17495,36434,15416,30905,0,17940,18099,17917,18068,67339,976
20211228,0,18867,41707,17232,38066,0,18075,18209,18059,18207,79773,977
20211229,0,19041,39532,20121,41975,0,18216,18289,18180,18276,81507,978
20211230,0,17123,34049,19298,40627,0,18273,18291,18177,18212,74676,979
20220103,0,25915,54976,26355,56231,0,18212,18389,18203,18273,111207,980
20220104,0,28165,60695,25046,55268,0,18281,18522,18257,18516,115963,981
20220105,0,27088,54260,28964,61630,0,18516,18577,18438,18480,115890,982
20220106,0,36245,74721,39364,83672,0,18495,18565,18238,18335,158393,983
20220107,0,41862,85626,44825,95870,0,18343,18478,18115,18143,181496,984
20220110,0,38558,74714,35542,69743,0,18131,18264,18022,18258,144457,985
20220111,0,41423,84046,42700,89554,0,18269,18305,18091,18280,173600,986
20220112,0,33936,68820,32685,67197,0,18250,18411,18217,18375,136017,987
20220113,0,31973,66818,31919,65990,0,18383,18485,18357,18425,132808,988
20220114,0,50956,104554,53632,109447,0,18481,18650,18220,18357,214001,989
20220117,0,38764,77186,36094,73043,0,18386,18537,18307,18509,150229,990
20220118,0,29225,58864,32772,68561,0,18519,18583,18347,18349,127425,991
20220119,0,29066,55431,31197,60436,0,18360,18388,18210,18218,115867,992
20220120,0,38914,84469,38524,84482,0,18158,18270,18081,18226,168951,993
20220121,0,47991,96390,51761,106647,0,18248,18287,17836,17895,203037,994
20220124,0,50856,103127,48203,99528,0,17900,17973,17700,17957,202655,995
20220125,0,66347,133186,68989,145521,0,17949,17980,17508,17678,278707,996
20220126,0,47069,93574,46891,95107,0,17645,17757,17509,17625,188681,997
20220207,0,43994,86713,42115,82108,0,17627,17900,17439,17899,168821,998
20220208,0,31180,61315,31986,62925,0,17905,18047,17863,17942,124240,999
20220209,0,27171,55131,24456,47160,0,17967,18169,17948,18167,102291,1000
20220210,0,30824,63458,29500,61382,0,18169,18340,18133,18337,124840,1001
20220211,0,34801,69467,37543,78045,0,18370,18397,18182,18275,147512,1002
20220214,0,40908,79080,45733,94716,0,18288,18380,17934,17977,173796,1003
20220215,0,42763,84986,42127,87566,0,17962,18093,17830,17953,172552,1004
20220216,0,27001,53058,24987,48799,0,17970,18248,17963,18207,101857,1005
20220217,0,40967,81159,40472,80789,0,18233,18330,18153,18243,161948,1006
20220218,0,34495,71269,34755,73136,0,18256,18275,18039,18226,144405,1007
20220221,0,40558,79076,40031,80785,0,18205,18242,17970,18210,159861,1008
20220222,0,46871,91168,50934,104975,0,18243,18256,17773,17878,196143,1009
20220223,0,42313,83298,39785,75998,0,17863,18060,17806,18042,159296,1010
20220224,0,59910,113846,65093,132291,0,18042,18093,17506,17516,246137,1011
20220225,0,68106,129706,68439,129464,0,17478,17702,17226,17606,259170,1012
20220301,0,49213,98741,45803,91287,0,17590,17942,17503,17911,190028,1013
20220302,0,41815,81656,44134,87286,0,17948,17980,17675,17844,168942,1014
20220303,0,40289,81178,39399,76694,0,17783,17965,17680,17929,157872,1015
20220304,0,47301,92265,49170,99323,0,17940,17944,17522,17666,191588,1016
20220307,0,59589,110445,62982,122369,0,17690,17746,17051,17058,232814,1017
20220308,0,70425,127842,71982,133055,0,17075,17175,16695,16702,260897,1018
20220309,0,62718,118732,61811,113221,0,16688,17023,16638,16946,231953,1019
20220310,0,45699,91899,42056,80800,0,16972,17456,16958,17437,172699,1020
20220311,0,49351,90697,53824,102371,0,17449,17496,17170,17220,193068,1021
20220314,0,50089,94436,51370,95581,0,17282,17394,17110,17239,190017,1022
20220315,0,50088,93427,54530,103801,0,17255,17321,16861,16882,197228,1023
20220316,0,44103,77409,42885,75094,0,16846,17095,16728,16937,152503,1024
20220317,0,55515,113488,53959,105750,0,17020,17470,16974,17446,219238,1025
20220318,0,44810,85162,45543,88362,0,17458,17497,17295,17391,173524,1026
20220321,0,39146,73680,37823,73855,0,17390,17577,17305,17489,147535,1027
20220322,0,31709,61381,32620,63064,0,17508,17566,17440,17520,124445,1028
20220323,0,33683,68575,31998,65286,0,17534,17735,17520,17702,133861,1029
20220324,0,32105,63641,33866,67838,0,17692,17700,17547,17671,131479,1030
20220325,0,33221,63693,34069,68479,0,17655,17762,17591,17621,132172,1031
20220328,0,43221,83196,43728,86195,0,17630,17661,17304,17438,169391,1032
20220329,0,32098,61816,31198,61725,0,17454,17583,17433,17545,123541,1033
20220330,0,37362,75428,35862,72442,0,17550,17755,17540,17741,147870,1034
20220331,0,28723,56949,31944,64011,0,17742,17774,17620,17639,120960,1035
20220401,0,33978,66707,35123,69819,0,17620,17663,17414,17554,136526,1036
20220406,0,34163,68314,34657,69927,0,17568,17624,17327,17506,138241,1037
20220407,0,40996,80182,44655,92411,0,17510,17520,17123,17143,172593,1038
20220408,0,37123,76066,34602,70023,0,17187,17318,17134,17316,146089,1039
20220411,0,43982,86525,47908,99465,0,17337,17382,16976,17039,185990,1040
20220412,0,41373,82559,41783,84845,0,17036,17100,16906,16999,167404,1041
20220413,0,41791,88777,39135,78578,0,17016,17321,16975,17316,167355,1042
20220414,0,29073,58307,29953,60533,0,17290,17352,17248,17298,118840,1043
20220415,0,36110,72096,40228,83636,0,17307,17331,16960,16983,155732,1044
20220418,0,31068,59775,31395,61363,0,16976,17019,16813,16881,121138,1045
20220419,0,34667,69152,33251,64874,0,16888,17122,16881,17000,134026,1046
20220420,0,27367,50489,25907,48169,0,17004,17135,16942,17125,98658,1047
20220421,0,33776,67814,33812,68032,0,17057,17222,17053,17126,135846,1048
20220422,0,39456,76621,40489,79647,0,17111,17192,16823,16992,156268,1049
20220425,0,46802,92537,49681,101832,0,16997,17012,16508,16572,194369,1050
20220426,0,42866,84695,41683,82756,0,16505,16666,16490,16586,167451,1051
20220427,0,53398,108508,55937,118368,0,16565,16574,16160,16285,226876,1052
20220428,0,50831,103301,49310,101408,0,16300,16416,16202,16387,204709,1053
20220429,0,47535,97492,47618,96775,0,16422,16658,16319,16583,194267,1054
20220503,0,37674,75725,40572,83313,0,16595,16622,16363,16470,159038,1055
20220504,0,32623,66619,32132,67242,0,16431,16589,16373,16519,133861,1056
20220505,0,38820,77184,39110,78613,0,16528,16776,16394,16684,155797,1057
20220506,0,45609,90050,48208,99030,0,16638,16645,16266,16355,189080,1058
20220509,0,51035,100027,53769,107602,0,16339,16419,16015,16027,207629,1059
20220510,0,52967,107858,52282,108263,0,16048,16091,15730,16039,216121,1060
20220511,0,45275,91694,46235,94819,0,16111,16115,15862,16010,186513,1061
20220512,0,58511,115936,61807,124418,0,16006,16092,15608,15632,240354,1062
20220513,0,51051,104449,49210,99478,0,15631,15854,15526,15851,203927,1063
20220516,0,40479,78811,41086,82147,0,15835,16044,15813,15921,160958,1064
20220517,0,34135,68506,32470,63844,0,15915,16096,15867,16075,132350,1065
20220518,0,26641,51208,25159,49071,0,16100,16318,16080,16302,100279,1066
20220519,0,42262,86472,45291,96351,0,16195,16217,15820,15911,182823,1067
20220520,0,50340,104164,48805,97093,0,15897,16145,15748,16135,201257,1068
20220523,0,51689,101867,54263,110800,0,16127,16263,15852,16147,212667,1069
20220524,0,40561,80185,43092,88837,0,16185,16242,15914,15926,169022,1070
20220525,0,45043,95129,43957,90085,0,15905,16146,15834,16060,185214,1071
20220526,0,46724,94002,49558,101445,0,16073,16203,15928,15950,195447,1072
20220527,0,38271,81223,34956,71476,0,15950,16245,15944,16230,152699,1073
20220530,0,34111,69781,31932,64961,0,16250,16584,16225,16560,134742,1074
20220531,0,31340,68836,30723,65011,0,16560,16716,16460,16682,133847,1075
20220601,0,38182,77723,40470,84446,0,16645,16755,16550,16610,162169,1076
20220602,0,35850,72475,38134,77853,0,16623,16668,16465,16532,150328,1077
20220606,0,38324,77764,37549,78539,0,16560,16700,16463,16600,156303,1078
20220607,0,37681,75840,38239,79799,0,16604,16705,16406,16462,155639,1079
20220608,0,32725,70558,31226,64601,0,16465,16693,16433,16644,135159,1080
20220609,0,30066,60646,31402,64090,0,16653,16702,16524,16582,124736,1081
20220610,0,36012,73568,37467,81067,0,16583,16662,16350,16471,154635,1082
20220613,0,43950,86600,47329,96557,0,16461,16512,15993,16053,183157,1083
20220614,0,45807,92986,46261,93897,0,16026,16077,15809,16055,186883,1084
20220615,0,29877,56570,31004,61050,0,16050,16096,15925,16062,117620,1085
20220616,0,49549,101803,52444,108561,0,15551,15805,15382,15410,210364,1086
20220617,0,54927,110554,56752,115320,0,15335,15348,15093,15200,225874,1087
20220620,0,52668,107250,55144,113214,0,15155,15244,14966,15038,220464,1088
20220621,0,35989,77432,32764,68044,0,15048,15362,15028,15334,145476,1089
20220622,0,41351,82198,45907,94467,0,15316,15415,14984,15012,176665,1090
20220623,0,64376,130714,65024,131042,0,14991,15175,14804,14938,261756,1091
20220624,0,51769,104205,52091,103805,0,14904,15142,14849,15058,208010,1092
20220627,0,39159,78693,36115,74393,0,15034,15400,15009,15277,153086,1093
20220628,0,37031,73017,40517,79058,0,15261,15326,15096,15192,152075,1094
20220629,0,42528,84904,44767,90310,0,15250,15295,14980,15019,175214,1095
20220630,0,47669,94973,50973,102647,0,14976,15035,14610,14622,197620,1096
20220701,0,69030,141332,70495,147713,0,14556,14702,14128,14175,289045,1097
20220704,0,59053,113169,60211,116000,0,14202,14316,14025,14152,229169,1098
20220705,0,50260,100536,50550,102946,0,14160,14430,13975,14231,203482,1099
20220706,0,59393,115141,61818,122418,0,14227,14265,13858,13871,237559,1100
20220707,0,57692,114547,54270,108816,0,13900,14295,13832,14176,223363,1101
20220708,0,47896,97110,47014,94773,0,14181,14485,14179,14329,191883,1102
20220711,0,49330,97107,49859,98288,0,14344,14496,14229,14276,195395,1103
20220712,0,45326,86950,47796,94048,0,14246,14308,13850,13914,180998,1104
20220713,0,53813,107027,51508,100107,0,13914,14356,13882,14277,207134,1105
20220714,0,59557,116672,58515,116007,0,14287,14437,14101,14389,232679,1106
20220715,0,52266,101326,51278,103125,0,14400,14542,14261,14475,204451,1107
