Date,Time,UpTick,UpVolume,DownTick,DownVolume,UnchVolume,Open,High,Low,Close,Volume,OI,QryIndex
20220704,0046,398,725,484,1627,0,14236,14245,14193,14202,2352,,1
20220704,0047,288,639,302,674,0,14200,14225,14197,14204,1313,,2
20220704,0048,141,328,143,371,0,14207,14220,14205,14217,699,,3
20220704,0049,116,205,179,434,0,14215,14217,14192,14195,639,,4
20220704,0050,120,252,100,148,0,14196,14210,14193,14203,400,,5
20220704,0051,122,250,117,158,0,14203,14215,14196,14200,408,,6
20220704,0052,66,105,56,87,0,14200,14207,14196,14199,192,,7
20220704,0053,82,190,72,109,0,14199,14212,14197,14207,299,,8
20220704,0054,34,79,51,102,0,14210,14212,14199,14203,181,,9
20220704,0055,48,91,88,208,0,14203,14205,14194,14196,299,,10
20220704,0056,185,299,310,553,0,14196,14196,14177,14185,852,,11
20220704,0057,94,161,125,232,0,14184,14184,14175,14175,393,,12
20220704,0058,189,362,143,219,0,14176,14203,14175,14185,581,,13
20220704,0059,152,384,113,207,0,14185,14208,14183,14194,591,,14
20220704,0100,124,191,189,396,0,14195,14195,14174,14174,587,,15
20220704,0101,580,1126,522,862,0,14174,14229,14174,14195,1988,,16
20220704,0102,484,880,511,729,0,14195,14230,14179,14225,1609,,17
20220704,0103,764,1463,610,947,0,14224,14288,14223,14284,2410,,18
20220704,0104,660,1132,533,1014,0,14283,14312,14281,14296,2146,,19
20220704,0105,268,440,385,752,0,14296,14298,14262,14267,1192,,20
20220704,0106,310,626,308,500,0,14267,14296,14256,14274,1126,,21
20220704,0107,203,329,269,485,0,14273,14286,14242,14242,814,,22
20220704,0108,349,506,398,720,0,14242,14248,14203,14204,1226,,23
20220704,0109,353,676,385,622,0,14204,14228,14193,14197,1298,,24
20220704,0110,444,786,724,1433,0,14199,14199,14154,14155,2219,,25
20220704,0111,793,1424,983,1715,0,14156,14159,14093,14146,3139,,26
20220704,0112,632,1202,524,908,0,14146,14216,14132,14208,2110,,27
20220704,0113,377,580,383,682,0,14210,14212,14156,14187,1262,,28
20220704,0114,287,611,284,480,0,14187,14213,14171,14189,1091,,29
20220704,0115,177,265,183,316,0,14189,14202,14179,14194,581,,30
20220704,0116,282,468,260,490,0,14192,14219,14187,14204,958,,31
20220704,0117,208,341,238,455,0,14205,14223,14185,14186,796,,32
20220704,0118,200,323,289,536,0,14187,14194,14163,14177,859,,33
20220704,0119,235,457,287,522,0,14178,14178,14150,14160,979,,34
20220704,0120,175,298,170,250,0,14159,14182,14154,14167,548,,35
20220704,0121,143,197,149,201,0,14169,14174,14154,14164,398,,36
20220704,0122,203,298,310,625,0,14163,14164,14131,14132,923,,37
20220704,0123,157,264,170,318,0,14133,14140,14124,14139,582,,38
20220704,0124,420,779,279,460,0,14139,14195,14137,14192,1239,,39
20220704,0125,206,398,257,427,0,14193,14199,14165,14176,825,,40
20220704,0126,121,206,114,188,0,14178,14189,14169,14176,394,,41
20220704,0127,146,220,151,359,0,14177,14178,14151,14162,579,,42
20220704,0128,121,186,156,291,0,14162,14168,14143,14160,477,,43
20220704,0129,118,228,123,210,0,14162,14179,14157,14173,438,,44
20220704,0130,184,399,139,211,0,14174,14193,14159,14188,610,,45
20220704,0131,177,272,244,452,0,14190,14193,14153,14157,724,,46
20220704,0132,175,272,207,462,0,14156,14157,14136,14143,734,,47
20220704,0133,167,326,194,418,0,14145,14162,14130,14141,744,,48
20220704,0134,118,186,162,269,0,14139,14147,14130,14142,455,,49
20220704,0135,107,205,104,169,0,14137,14153,14132,14140,374,,50
20220704,0136,189,342,191,370,0,14140,14157,14123,14157,712,,51
20220704,0137,199,371,187,356,0,14157,14173,14152,14153,727,,52
20220704,0138,141,219,171,303,0,14152,14154,14133,14146,522,,53
20220704,0139,134,251,106,192,0,14145,14164,14142,14162,443,,54
20220704,0140,89,133,117,234,0,14161,14164,14141,14148,367,,55
20220704,0141,170,280,169,477,0,14148,14153,14126,14152,757,,56
20220704,0142,449,1052,335,585,0,14153,14204,14145,14199,1637,,57
20220704,0143,239,522,255,511,0,14199,14205,14164,14189,1033,,58
20220704,0144,184,369,121,185,0,14191,14200,14184,14198,554,,59
20220704,0145,498,998,303,484,0,14198,14245,14197,14243,1482,,60
20220704,0146,355,606,308,552,0,14243,14249,14219,14220,1158,,61
20220704,0147,139,282,143,271,0,14218,14233,14218,14220,553,,62
20220704,0148,144,268,149,243,0,14221,14235,14207,14234,511,,63
20220704,0149,389,731,261,437,0,14235,14266,14234,14261,1168,,64
20220704,0150,262,403,205,371,0,14264,14277,14254,14267,774,,65
20220704,0151,164,256,186,359,0,14269,14276,14252,14257,615,,66
20220704,0152,130,265,133,249,0,14257,14270,14253,14268,514,,67
20220704,0153,199,360,176,313,0,14268,14282,14258,14262,673,,68
20220704,0154,231,362,294,551,0,14263,14268,14231,14245,913,,69
20220704,0155,107,187,153,277,0,14246,14256,14227,14227,464,,70
20220704,0156,126,195,157,289,0,14229,14239,14218,14239,484,,71
20220704,0157,155,215,144,224,0,14238,14254,14238,14242,439,,72
20220704,0158,184,421,169,270,0,14243,14263,14234,14254,691,,73
20220704,0159,68,87,105,174,0,14259,14261,14231,14234,261,,74
20220704,0200,123,204,140,255,0,14233,14241,14220,14231,459,,75
20220704,0201,131,192,158,248,0,14230,14252,14220,14225,440,,76
20220704,0202,82,109,66,107,0,14224,14237,14224,14234,216,,77
20220704,0203,124,248,87,125,0,14236,14253,14231,14250,373,,78
20220704,0204,92,135,92,154,0,14250,14258,14240,14240,289,,79
20220704,0205,45,69,56,111,0,14239,14249,14237,14239,180,,80
20220704,0206,61,97,76,141,0,14239,14240,14228,14233,238,,81
20220704,0207,86,140,89,192,0,14232,14248,14222,14236,332,,82
20220704,0208,45,68,53,87,0,14234,14244,14227,14236,155,,83
20220704,0209,116,266,74,123,0,14234,14258,14228,14255,389,,84
20220704,0210,321,720,254,412,0,14258,14285,14254,14283,1132,,85
20220704,0211,166,260,132,212,0,14281,14283,14269,14274,472,,86
20220704,0212,188,257,207,399,0,14274,14275,14234,14254,656,,87
20220704,0213,69,128,55,98,0,14255,14261,14245,14255,226,,88
20220704,0214,49,72,76,176,0,14255,14255,14238,14238,248,,89
20220704,0215,53,91,80,174,0,14237,14247,14232,14236,265,,90
20220704,0216,81,98,105,232,0,14236,14245,14224,14233,330,,91
20220704,0217,86,116,183,388,0,14234,14234,14206,14211,504,,92
20220704,0218,135,276,195,370,0,14210,14212,14194,14203,646,,93
20220704,0219,112,209,74,100,0,14201,14214,14199,14208,309,,94
20220704,0220,67,109,141,301,0,14207,14210,14187,14189,410,,95
20220704,0221,130,278,150,301,0,14190,14193,14180,14190,579,,96
20220704,0222,96,168,95,176,0,14190,14204,14186,14191,344,,97
20220704,0223,70,102,130,284,0,14191,14194,14177,14182,386,,98
20220704,0224,70,149,111,188,0,14181,14189,14175,14182,337,,99
20220704,0225,55,99,80,206,0,14181,14187,14173,14173,305,,100
20220704,0226,125,232,174,345,0,14172,14180,14162,14167,577,,101
20220704,0227,68,107,121,247,0,14166,14168,14156,14157,354,,102
20220704,0228,113,250,85,126,0,14156,14174,14155,14172,376,,103
20220704,0229,44,73,67,112,0,14172,14174,14163,14167,185,,104
20220704,0230,41,84,49,94,0,14168,14172,14160,14170,178,,105
20220704,0231,169,302,124,229,0,14171,14191,14162,14178,531,,106
20220704,0232,58,92,103,195,0,14178,14186,14165,14167,287,,107
20220704,0233,76,127,87,196,0,14168,14177,14158,14165,323,,108
20220704,0234,87,132,114,233,0,14164,14173,14152,14153,365,,109
20220704,0235,94,155,200,407,0,14153,14156,14139,14139,562,,110
20220704,0236,115,256,185,403,0,14139,14147,14130,14135,659,,111
20220704,0237,100,183,150,332,0,14135,14138,14126,14131,515,,112
20220704,0238,81,173,141,280,0,14131,14131,14120,14124,453,,113
20220704,0239,92,177,113,291,0,14122,14132,14116,14120,468,,114
20220704,0240,89,160,125,196,0,14119,14125,14113,14118,356,,115
20220704,0241,142,276,95,165,0,14119,14134,14116,14129,441,,116
20220704,0242,156,299,120,173,0,14129,14151,14124,14139,472,,117
20220704,0243,142,250,205,423,0,14139,14139,14111,14115,673,,118
20220704,0244,103,166,150,288,0,14115,14116,14107,14108,454,,119
20220704,0245,135,228,311,783,0,14107,14112,14080,14080,1011,,120
20220704,0246,517,844,650,1023,0,14080,14097,14071,14077,1867,,121
20220704,0247,182,275,241,464,0,14077,14082,14065,14066,739,,122
20220704,0248,237,434,137,199,0,14066,14100,14066,14094,633,,123
20220704,0249,138,233,145,264,0,14094,14104,14079,14085,497,,124
20220704,0250,110,189,83,135,0,14085,14107,14083,14102,324,,125
20220704,0251,209,373,158,238,0,14100,14122,14093,14120,611,,126
20220704,0252,114,202,150,253,0,14120,14128,14102,14111,455,,127
20220704,0253,147,287,118,174,0,14109,14136,14103,14132,461,,128
20220704,0254,174,317,112,181,0,14132,14142,14129,14141,498,,129
20220704,0255,58,131,86,161,0,14140,14140,14125,14135,292,,130
20220704,0256,80,122,86,134,0,14133,14141,14121,14128,256,,131
20220704,0257,65,109,67,96,0,14128,14141,14124,14141,205,,132
20220704,0258,304,612,204,361,0,14142,14167,14139,14157,973,,133
20220704,0259,156,258,119,211,0,14156,14172,14149,14170,469,,134
20220704,0300,178,430,117,211,0,14168,14182,14165,14173,641,,135
20220704,0301,102,199,120,185,0,14173,14178,14163,14175,384,,136
20220704,0302,122,242,106,171,0,14175,14188,14171,14171,413,,137
20220704,0303,80,131,96,191,0,14172,14173,14161,14172,322,,138
20220704,0304,227,591,119,209,0,14172,14196,14170,14190,800,,139
20220704,0305,168,345,116,207,0,14189,14203,14183,14194,552,,140
20220704,0306,85,132,107,211,0,14195,14198,14178,14178,343,,141
20220704,0307,56,131,110,233,0,14178,14179,14165,14168,364,,142
20220704,0308,65,152,59,119,0,14167,14172,14164,14164,271,,143
20220704,0309,47,77,44,80,0,14164,14170,14161,14170,157,,144
20220704,0310,38,55,51,84,0,14168,14172,14158,14160,139,,145
20220704,0311,74,155,70,135,0,14157,14168,14155,14162,290,,146
20220704,0312,59,107,37,69,0,14162,14175,14159,14168,176,,147
20220704,0313,18,28,33,67,0,14168,14168,14159,14165,95,,148
20220704,0314,32,39,40,54,0,14169,14172,14162,14167,93,,149
20220704,0315,133,232,71,107,0,14168,14184,14168,14183,339,,150
20220704,0316,102,177,80,128,0,14181,14184,14170,14184,305,,151
20220704,0317,58,117,71,114,0,14184,14193,14169,14171,231,,152
20220704,0318,47,75,94,220,0,14171,14173,14160,14165,295,,153
20220704,0319,62,104,66,139,0,14166,14169,14155,14161,243,,154
20220704,0320,50,99,31,44,0,14162,14172,14159,14171,143,,155
20220704,0321,36,66,52,96,0,14171,14177,14159,14161,162,,156
20220704,0322,52,80,161,406,0,14161,14162,14141,14144,486,,157
20220704,0323,50,99,59,93,0,14145,14148,14140,14145,192,,158
20220704,0324,53,77,86,206,0,14145,14145,14134,14134,283,,159
20220704,0325,49,74,50,71,0,14135,14144,14133,14137,145,,160
20220704,0326,58,88,79,130,0,14136,14142,14130,14132,218,,161
20220704,0327,54,110,35,51,0,14134,14146,14133,14140,161,,162
20220704,0328,50,121,32,46,0,14141,14151,14141,14148,167,,163
20220704,0329,157,287,80,113,0,14152,14174,14152,14171,400,,164
20220704,0330,47,87,52,126,0,14172,14173,14164,14167,213,,165
20220704,0331,29,54,82,141,0,14166,14166,14149,14154,195,,166
20220704,0332,23,30,32,54,0,14152,14154,14145,14149,84,,167
20220704,0333,56,73,77,153,0,14146,14154,14139,14141,226,,168
20220704,0334,27,46,27,90,0,14141,14147,14138,14145,136,,169
20220704,0335,28,61,21,27,0,14145,14153,14144,14148,88,,170
20220704,0336,14,22,32,54,0,14147,14147,14139,14142,76,,171
20220704,0337,68,114,20,33,0,14144,14158,14144,14155,147,,172
20220704,0338,43,74,34,57,0,14155,14161,14151,14151,131,,173
20220704,0339,41,112,79,173,0,14150,14150,14137,14141,285,,174
20220704,0340,39,55,24,70,0,14141,14149,14139,14142,125,,175
20220704,0341,17,36,29,64,0,14142,14143,14139,14141,100,,176
20220704,0342,38,84,50,129,0,14141,14145,14133,14139,213,,177
20220704,0343,27,49,18,51,0,14139,14142,14136,14139,100,,178
20220704,0344,26,52,25,42,0,14140,14146,14139,14140,94,,179
20220704,0345,36,47,76,164,0,14138,14138,14128,14129,211,,180
20220704,0346,95,178,87,121,0,14128,14148,14126,14142,299,,181
20220704,0347,27,42,41,86,0,14142,14142,14130,14140,128,,182
20220704,0348,31,49,46,87,0,14138,14141,14129,14131,136,,183
20220704,0349,40,68,63,128,0,14130,14134,14124,14126,196,,184
20220704,0350,44,85,69,140,0,14127,14129,14116,14122,225,,185
20220704,0351,43,99,32,53,0,14119,14130,14117,14127,152,,186
20220704,0352,57,115,49,83,0,14129,14137,14127,14133,198,,187
20220704,0353,19,25,38,82,0,14131,14131,14123,14126,107,,188
20220704,0354,25,37,37,65,0,14126,14128,14121,14125,102,,189
20220704,0355,26,42,43,89,0,14124,14130,14119,14119,131,,190
20220704,0356,31,60,45,66,0,14119,14123,14115,14119,126,,191
20220704,0357,40,84,77,166,0,14120,14120,14107,14113,250,,192
20220704,0358,59,104,74,189,0,14114,14114,14102,14103,293,,193
20220704,0359,65,140,38,84,0,14104,14113,14102,14113,224,,194
20220704,0400,47,102,59,103,0,14113,14116,14106,14107,205,,195
20220704,0401,68,97,71,130,0,14107,14116,14102,14112,227,,196
20220704,0402,50,110,72,140,0,14113,14113,14100,14107,250,,197
20220704,0403,46,78,91,232,0,14107,14114,14096,14096,310,,198
20220704,0404,60,135,76,159,0,14097,14100,14091,14094,294,,199
20220704,0405,81,152,103,253,0,14095,14096,14084,14086,405,,200
20220704,0406,109,212,61,135,0,14088,14110,14088,14107,347,,201
20220704,0407,71,98,51,154,0,14107,14110,14100,14108,252,,202
20220704,0408,83,144,90,199,0,14108,14118,14094,14098,343,,203
20220704,0409,47,76,38,75,0,14097,14108,14094,14107,151,,204
20220704,0410,37,68,49,90,0,14108,14112,14101,14104,158,,205
20220704,0411,44,84,29,49,0,14103,14112,14101,14112,133,,206
20220704,0412,28,40,52,106,0,14110,14111,14098,14099,146,,207
20220704,0413,34,58,40,82,0,14100,14103,14096,14097,140,,208
20220704,0414,22,33,24,56,0,14098,14106,14098,14100,89,,209
20220704,0415,18,32,35,52,0,14100,14107,14099,14104,84,,210
20220704,0416,42,90,54,106,0,14103,14112,14101,14101,196,,211
20220704,0417,28,41,47,126,0,14102,14102,14092,14093,167,,212
20220704,0418,73,112,102,197,0,14092,14093,14082,14089,309,,213
20220704,0419,41,82,33,67,0,14087,14094,14085,14086,149,,214
20220704,0420,48,79,73,174,0,14085,14086,14080,14085,253,,215
20220704,0421,72,116,107,281,0,14086,14086,14072,14077,397,,216
20220704,0422,63,118,42,70,0,14077,14088,14076,14088,188,,217
20220704,0423,14,14,41,57,0,14088,14088,14079,14079,71,,218
20220704,0424,40,67,39,101,0,14078,14083,14072,14080,168,,219
20220704,0425,55,93,59,89,0,14082,14091,14075,14077,182,,220
20220704,0426,134,222,84,141,0,14076,14098,14075,14090,363,,221
20220704,0427,35,65,30,60,0,14088,14094,14085,14087,125,,222
20220704,0428,29,46,36,67,0,14087,14087,14078,14082,113,,223
20220704,0429,41,92,29,33,0,14083,14095,14081,14094,125,,224
20220704,0430,13,20,41,79,0,14092,14092,14083,14085,99,,225
20220704,0431,52,117,63,123,0,14083,14096,14081,14084,240,,226
20220704,0432,34,69,54,125,0,14084,14084,14077,14078,194,,227
20220704,0433,42,58,57,125,0,14078,14083,14074,14079,183,,228
20220704,0434,27,43,16,25,0,14080,14083,14075,14082,68,,229
20220704,0435,207,328,414,934,0,14082,14085,14047,14050,1262,,230
20220704,0436,186,394,234,407,0,14050,14062,14046,14048,801,,231
20220704,0437,93,202,116,206,0,14050,14058,14048,14049,408,,232
20220704,0438,172,392,272,596,0,14049,14051,14031,14032,988,,233
20220704,0439,128,256,148,292,0,14032,14042,14030,14035,548,,234
20220704,0440,116,226,179,252,0,14035,14035,14025,14027,478,,235
20220704,0441,173,330,98,140,0,14026,14058,14025,14057,470,,236
20220704,0442,152,338,141,298,0,14058,14067,14053,14053,636,,237
20220704,0443,58,98,69,112,0,14052,14063,14051,14054,210,,238
20220704,0444,52,74,76,128,0,14054,14056,14048,14054,202,,239
20220704,0445,187,501,132,224,0,14054,14083,14050,14063,725,,240
20220704,0446,112,200,87,135,0,14062,14079,14062,14071,335,,241
20220704,0447,31,46,40,75,0,14072,14075,14066,14067,121,,242
20220704,0448,25,47,67,126,0,14066,14070,14056,14060,173,,243
20220704,0449,60,89,82,139,0,14059,14059,14048,14056,228,,244
20220704,0450,59,100,50,87,0,14055,14068,14052,14058,187,,245
20220704,0451,151,297,77,96,0,14058,14085,14058,14085,393,,246
20220704,0452,96,163,96,221,0,14085,14089,14070,14071,384,,247
20220704,0453,79,193,50,96,0,14073,14086,14072,14084,289,,248
20220704,0454,189,552,133,244,0,14083,14105,14080,14100,796,,249
20220704,0455,103,194,85,197,0,14100,14108,14093,14106,391,,250
20220704,0456,301,636,179,292,0,14105,14131,14103,14124,928,,251
20220704,0457,167,411,130,227,0,14126,14135,14120,14131,638,,252
20220704,0458,189,381,133,243,0,14130,14144,14129,14141,624,,253
20220704,0459,83,139,157,303,0,14140,14143,14123,14128,442,,254
20220704,0500,62,115,101,203,0,14126,14127,14112,14115,318,,255
20220704,0501,73,117,124,253,0,14115,14120,14106,14109,370,,256
20220704,0502,90,178,90,164,0,14110,14113,14098,14109,342,,257
20220704,0503,139,269,68,109,0,14109,14133,14103,14132,378,,258
20220704,0504,134,280,133,199,0,14133,14141,14126,14133,479,,259
20220704,0505,61,85,89,177,0,14132,14133,14117,14118,262,,260
20220704,0506,80,152,62,157,0,14117,14126,14108,14126,309,,261
20220704,0507,57,96,51,93,0,14126,14133,14116,14118,189,,262
20220704,0508,53,94,45,87,0,14117,14121,14110,14121,181,,263
20220704,0509,43,137,113,241,0,14122,14124,14093,14097,378,,264
20220704,0510,72,122,87,153,0,14098,14099,14090,14095,275,,265
20220704,0511,37,54,42,58,0,14095,14097,14091,14091,112,,266
20220704,0512,49,82,27,47,0,14091,14099,14090,14099,129,,267
20220704,0513,56,115,42,83,0,14099,14107,14097,14097,198,,268
20220704,0514,72,106,81,217,0,14097,14097,14084,14086,323,,269
20220704,0515,90,205,81,134,0,14086,14091,14081,14088,339,,270
20220704,0516,88,148,90,164,0,14089,14097,14085,14087,312,,271
20220704,0517,43,62,26,37,0,14087,14098,14087,14097,99,,272
20220704,0518,67,161,53,84,0,14098,14107,14097,14100,245,,273
20220704,0519,91,171,48,85,0,14101,14117,14098,14113,256,,274
20220704,0520,88,196,82,177,0,14114,14119,14102,14105,373,,275
20220704,0521,64,143,67,118,0,14108,14122,14106,14112,261,,276
20220704,0522,68,142,51,62,0,14112,14123,14112,14119,204,,277
20220704,0523,31,43,42,98,0,14119,14119,14110,14114,141,,278
20220704,0524,42,53,50,120,0,14114,14116,14104,14104,173,,279
20220704,0525,34,41,26,34,0,14105,14112,14104,14111,75,,280
20220704,0526,64,149,79,134,0,14111,14120,14104,14107,283,,281
20220704,0527,48,90,88,294,0,14108,14108,14097,14097,384,,282
20220704,0528,47,81,46,120,0,14097,14101,14094,14096,201,,283
20220704,0529,81,177,56,99,0,14097,14108,14096,14097,276,,284
20220704,0530,105,259,70,142,0,14098,14115,14098,14110,401,,285
20220704,0531,113,289,129,310,0,14110,14116,14102,14109,599,,286
20220704,0532,57,116,40,67,0,14108,14116,14105,14115,183,,287
20220704,0533,97,305,88,203,0,14114,14124,14114,14115,508,,288
20220704,0534,93,234,58,103,0,14115,14130,14115,14129,337,,289
20220704,0535,93,251,84,173,0,14130,14131,14125,14127,424,,290
20220704,0536,128,313,106,189,0,14127,14138,14126,14133,502,,291
20220704,0537,233,763,101,185,0,14134,14155,14133,14155,948,,292
20220704,0538,190,449,144,328,0,14155,14161,14148,14156,777,,293
20220704,0539,135,291,105,213,0,14158,14163,14155,14157,504,,294
20220704,0540,102,218,77,125,0,14156,14162,14155,14162,343,,295
20220704,0541,128,248,134,266,0,14161,14162,14154,14157,514,,296
20220704,0542,108,251,89,192,0,14157,14160,14155,14159,443,,297
20220704,0543,111,252,93,201,0,14159,14161,14155,14157,453,,298
20220704,0544,121,285,143,490,0,14156,14159,14149,14151,775,,299
20220704,0545,327,662,449,521,0,14151,14155,14148,14152,1183,,300
20220704,0701,156,355,121,181,0,14160,14177,14156,14171,536,,301
20220704,0702,84,136,57,92,0,14171,14181,14167,14168,228,,302
20220704,0703,43,65,35,70,0,14169,14170,14160,14164,135,,303
20220704,0704,29,39,38,130,0,14164,14169,14148,14150,169,,304
20220704,0705,46,121,30,53,0,14150,14157,14145,14154,174,,305
20220704,0706,29,49,31,52,0,14155,14160,14151,14158,101,,306
20220704,0707,27,77,18,30,0,14160,14166,14159,14164,107,,307
20220704,0708,26,54,20,42,0,14164,14168,14163,14165,96,,308
20220704,0709,15,20,18,51,0,14164,14165,14159,14163,71,,309
20220704,0710,13,37,32,97,0,14164,14165,14152,14154,134,,310
20220704,0711,26,42,24,32,0,14153,14167,14153,14154,74,,311
20220704,0712,31,74,48,168,0,14155,14157,14149,14149,242,,312
20220704,0713,16,29,37,99,0,14151,14153,14146,14146,128,,313
20220704,0714,9,14,9,19,0,14147,14149,14146,14147,33,,314
20220704,0715,28,76,38,129,0,14148,14148,14137,14140,205,,315
20220704,0716,13,20,35,73,0,14139,14139,14133,14135,93,,316
20220704,0717,24,35,16,38,0,14136,14144,14135,14138,73,,317
20220704,0718,3,6,39,101,0,14136,14140,14129,14129,107,,318
20220704,0719,33,62,42,74,0,14129,14132,14127,14130,136,,319
20220704,0720,44,100,19,99,0,14131,14137,14127,14137,199,,320
20220704,0721,16,31,15,33,0,14137,14137,14132,14133,64,,321
20220704,0722,15,26,10,23,0,14133,14139,14133,14137,49,,322
20220704,0723,15,22,6,9,0,14135,14142,14135,14140,31,,323
20220704,0724,10,14,10,17,0,14139,14143,14138,14141,31,,324
20220704,0725,16,36,6,14,0,14142,14145,14142,14143,50,,325
20220704,0726,5,10,16,40,0,14142,14142,14137,14138,50,,326
20220704,0727,9,33,7,14,0,14137,14142,14135,14142,47,,327
20220704,0728,10,41,11,19,0,14143,14145,14139,14143,60,,328
20220704,0729,14,23,7,8,0,14143,14145,14140,14145,31,,329
20220704,0730,36,90,10,15,0,14146,14155,14146,14153,105,,330
20220704,0731,16,36,27,63,0,14153,14154,14148,14149,99,,331
20220704,0732,10,15,18,27,0,14147,14149,14141,14141,42,,332
20220704,0733,9,17,17,33,0,14140,14143,14138,14142,50,,333
20220704,0734,3,5,5,6,0,14142,14143,14140,14140,11,,334
20220704,0735,13,16,15,29,0,14141,14142,14133,14137,45,,335
20220704,0736,7,8,6,7,0,14137,14139,14137,14138,15,,336
20220704,0737,7,11,11,13,0,14140,14143,14135,14136,24,,337
20220704,0738,6,9,4,4,0,14137,14138,14136,14138,13,,338
20220704,0739,6,15,13,31,0,14139,14140,14132,14135,46,,339
20220704,0740,8,16,8,12,0,14134,14139,14134,14138,28,,340
20220704,0741,7,12,9,20,0,14137,14137,14133,14135,32,,341
20220704,0742,18,73,12,25,0,14137,14139,14135,14138,98,,342
20220704,0743,10,22,15,32,0,14139,14139,14133,14135,54,,343
20220704,0744,6,10,2,12,0,14135,14135,14134,14135,22,,344
20220704,0745,5,8,5,15,0,14135,14135,14133,14135,23,,345
20220704,0746,11,34,6,8,0,14134,14138,14134,14137,42,,346
20220704,0747,8,11,36,121,0,14137,14137,14128,14129,132,,347
20220704,0748,33,59,52,138,0,14128,14128,14120,14123,197,,348
20220704,0749,9,17,21,34,0,14124,14125,14120,14121,51,,349
20220704,0750,14,24,26,58,0,14121,14123,14117,14118,82,,350
20220704,0751,16,43,25,56,0,14119,14120,14117,14119,99,,351
20220704,0752,6,17,18,31,0,14119,14124,14119,14119,48,,352
20220704,0753,12,51,17,20,0,14118,14124,14118,14123,71,,353
20220704,0754,4,4,12,19,0,14123,14123,14122,14122,23,,354
20220704,0755,9,21,6,12,0,14121,14125,14119,14125,33,,355
20220704,0756,15,18,8,12,0,14126,14130,14125,14129,30,,356
20220704,0757,21,64,16,33,0,14128,14130,14124,14130,97,,357
20220704,0758,19,28,2,2,0,14130,14132,14129,14132,30,,358
20220704,0759,12,19,12,30,0,14132,14135,14131,14132,49,,359
20220704,0800,12,29,5,10,0,14132,14136,14132,14135,39,,360
20220704,0801,13,18,23,38,0,14135,14136,14130,14135,56,,361
20220704,0802,22,37,14,40,0,14136,14139,14136,14138,77,,362
20220704,0803,26,44,12,17,0,14138,14144,14138,14141,61,,363
20220704,0804,15,24,7,13,0,14141,14147,14141,14145,37,,364
20220704,0805,8,12,21,62,0,14145,14146,14143,14144,74,,365
20220704,0806,3,10,18,30,0,14142,14143,14135,14135,40,,366
20220704,0807,22,52,18,61,0,14134,14139,14134,14139,113,,367
20220704,0808,9,12,5,6,0,14139,14142,14138,14138,18,,368
20220704,0809,5,7,8,14,0,14137,14138,14135,14137,21,,369
20220704,0810,8,12,2,2,0,14136,14140,14135,14140,14,,370
20220704,0811,29,48,11,15,0,14142,14150,14140,14147,63,,371
20220704,0812,17,31,8,13,0,14147,14153,14147,14150,44,,372
20220704,0813,1,1,12,19,0,14148,14148,14146,14147,20,,373
20220704,0814,5,8,3,3,0,14146,14147,14145,14146,11,,374
20220704,0815,7,18,3,9,0,14148,14149,14147,14147,27,,375
20220704,0816,10,13,12,21,0,14148,14150,14146,14148,34,,376
20220704,0817,9,20,12,27,0,14148,14149,14144,14144,47,,377
20220704,0818,8,11,6,7,0,14145,14146,14144,14144,18,,378
20220704,0819,11,17,7,11,0,14144,14147,14144,14146,28,,379
20220704,0820,5,10,3,6,0,14145,14146,14145,14145,16,,380
20220704,0821,5,5,10,26,0,14146,14147,14140,14141,31,,381
20220704,0822,9,12,11,18,0,14141,14145,14140,14144,30,,382
20220704,0823,1,1,12,21,0,14144,14144,14140,14140,22,,383
20220704,0824,10,31,14,22,0,14139,14141,14137,14141,53,,384
20220704,0825,4,4,6,20,0,14142,14142,14138,14139,24,,385
20220704,0826,9,19,4,4,0,14140,14141,14139,14141,23,,386
20220704,0827,7,19,4,5,0,14142,14142,14140,14140,24,,387
20220704,0828,8,18,0,0,0,14142,14145,14142,14145,18,,388
20220704,0829,26,88,17,24,0,14146,14152,14146,14147,112,,389
20220704,0830,23,53,6,17,0,14146,14156,14146,14151,70,,390
20220704,0831,23,47,9,15,0,14152,14156,14149,14155,62,,391
20220704,0832,13,19,9,35,0,14156,14158,14153,14153,54,,392
20220704,0833,12,12,7,19,0,14154,14155,14148,14150,31,,393
20220704,0834,7,15,12,49,0,14148,14148,14145,14145,64,,394
20220704,0835,5,6,9,51,0,14146,14148,14145,14146,57,,395
20220704,0836,0,0,6,15,0,14144,14144,14143,14143,15,,396
20220704,0837,6,6,6,20,0,14143,14143,14141,14142,26,,397
20220704,0838,1,2,7,16,0,14142,14143,14141,14142,18,,398
20220704,0839,2,2,16,21,0,14142,14142,14138,14140,23,,399
20220704,0840,8,12,4,15,0,14138,14141,14138,14139,27,,400
20220704,0841,6,17,14,35,0,14137,14138,14134,14134,52,,401
20220704,0842,9,21,7,8,0,14134,14136,14134,14136,29,,402
20220704,0843,6,9,3,10,0,14134,14136,14134,14135,19,,403
20220704,0844,0,0,12,19,0,14135,14135,14133,14133,19,,404
20220704,0845,13,23,1,4,0,14133,14135,14133,14135,27,,405
20220704,0846,15,36,4,11,0,14136,14138,14133,14133,47,,406
20220704,0847,6,6,9,29,0,14132,14135,14131,14134,35,,407
20220704,0848,7,8,1,1,0,14135,14140,14135,14140,9,,408
20220704,0849,8,20,8,10,0,14139,14143,14139,14142,30,,409
20220704,0850,10,12,5,6,0,14143,14146,14142,14142,18,,410
20220704,0851,5,10,3,4,0,14142,14143,14141,14143,14,,411
20220704,0852,10,22,1,6,0,14143,14144,14142,14142,28,,412
20220704,0853,3,7,5,14,0,14142,14144,14141,14143,21,,413
20220704,0854,4,7,1,3,0,14141,14142,14141,14142,10,,414
20220704,0855,9,9,2,2,0,14144,14146,14144,14144,11,,415
20220704,0856,6,13,3,4,0,14144,14146,14144,14145,17,,416
20220704,0857,0,0,5,7,0,14145,14145,14145,14145,7,,417
20220704,0858,2,2,3,3,0,14144,14145,14144,14145,5,,418
20220704,0859,6,16,3,4,0,14143,14146,14142,14146,20,,419
20220704,0900,8,12,5,11,0,14147,14149,14146,14146,23,,420
20220704,0901,18,69,8,10,0,14145,14150,14143,14147,79,,421
20220704,0902,3,4,3,7,0,14148,14149,14147,14147,11,,422
20220704,0903,2,5,14,23,0,14146,14147,14142,14142,28,,423
20220704,0904,2,3,9,15,0,14141,14143,14140,14143,18,,424
20220704,0905,0,0,4,4,0,14142,14142,14141,14141,4,,425
20220704,0906,1,1,9,17,0,14142,14142,14138,14138,18,,426
20220704,0907,3,5,5,8,0,14140,14141,14139,14141,13,,427
20220704,0908,4,6,0,0,0,14142,14143,14142,14143,6,,428
20220704,0909,6,8,0,0,0,14143,14146,14143,14146,8,,429
20220704,0910,2,2,2,2,0,14146,14146,14145,14145,4,,430
20220704,0911,4,8,0,0,0,14148,14149,14148,14149,8,,431
20220704,0912,3,3,7,8,0,14149,14149,14146,14146,11,,432
20220704,0913,2,4,3,3,0,14146,14147,14146,14147,7,,433
20220704,0914,0,0,0,0,0,14147,14147,14147,14147,0,,434
20220704,0915,28,64,3,3,0,14147,14154,14147,14153,67,,435
20220704,0916,62,176,35,130,0,14153,14167,14153,14164,306,,436
20220704,0917,18,23,15,41,0,14165,14167,14163,14164,64,,437
20220704,0918,8,15,13,26,0,14164,14166,14162,14163,41,,438
20220704,0919,10,15,20,38,0,14163,14163,14155,14156,53,,439
20220704,0920,13,14,8,16,0,14158,14160,14154,14156,30,,440
20220704,0921,0,0,10,17,0,14155,14155,14153,14153,17,,441
20220704,0922,5,5,7,19,0,14153,14155,14153,14154,24,,442
20220704,0923,4,5,2,2,0,14154,14155,14154,14155,7,,443
20220704,0924,8,19,0,0,0,14155,14158,14155,14158,19,,444
20220704,0925,5,6,4,14,0,14156,14156,14155,14156,20,,445
20220704,0926,8,17,10,23,0,14160,14163,14158,14159,40,,446
20220704,0927,1,1,8,14,0,14158,14159,14156,14156,15,,447
20220704,0928,0,0,12,14,0,14156,14156,14156,14156,14,,448
20220704,0929,10,18,2,2,0,14156,14160,14156,14160,20,,449
20220704,0930,10,17,5,6,0,14161,14163,14160,14161,23,,450
20220704,0931,0,0,12,19,0,14161,14161,14156,14156,19,,451
20220704,0932,57,148,12,26,0,14155,14174,14155,14167,174,,452
20220704,0933,44,115,35,50,0,14168,14176,14163,14176,165,,453
20220704,0934,34,60,38,55,0,14176,14178,14170,14171,115,,454
20220704,0935,16,32,21,32,0,14173,14173,14169,14172,64,,455
20220704,0936,18,43,15,22,0,14171,14174,14169,14171,65,,456
20220704,0937,4,7,17,32,0,14173,14173,14168,14170,39,,457
20220704,0938,37,114,15,29,0,14170,14178,14170,14177,143,,458
20220704,0939,26,56,11,15,0,14177,14180,14173,14174,71,,459
20220704,0940,125,243,33,45,0,14176,14192,14173,14188,288,,460
20220704,0941,29,67,30,53,0,14187,14191,14186,14188,120,,461
20220704,0942,75,231,49,97,0,14188,14197,14188,14193,328,,462
20220704,0943,60,166,24,44,0,14194,14200,14193,14199,210,,463
20220704,0944,31,91,24,30,0,14199,14203,14197,14199,121,,464
20220704,0945,23,36,25,50,0,14199,14199,14193,14195,86,,465
20220704,0946,16,33,37,97,0,14195,14196,14189,14190,130,,466
20220704,0947,21,37,21,37,0,14190,14191,14186,14189,74,,467
20220704,0948,15,30,2,6,0,14189,14192,14187,14192,36,,468
20220704,0949,21,74,22,85,0,14191,14193,14186,14188,159,,469
20220704,0950,8,26,25,78,0,14187,14187,14185,14187,104,,470
20220704,0951,10,36,20,70,0,14186,14187,14184,14185,106,,471
20220704,0952,23,123,15,24,0,14185,14195,14185,14191,147,,472
20220704,0953,22,37,8,21,0,14191,14194,14191,14194,58,,473
20220704,0954,5,15,12,26,0,14194,14194,14188,14190,41,,474
20220704,0955,13,34,11,28,0,14189,14191,14188,14189,62,,475
20220704,0956,13,23,8,14,0,14190,14191,14188,14190,37,,476
20220704,0957,3,4,7,10,0,14190,14190,14188,14190,14,,477
20220704,0958,10,11,22,57,0,14190,14190,14186,14186,68,,478
20220704,0959,10,20,19,42,0,14186,14189,14185,14189,62,,479
20220704,1000,2,2,8,12,0,14187,14188,14185,14186,14,,480
20220704,1001,32,54,20,47,0,14186,14190,14184,14185,101,,481
20220704,1002,15,17,22,32,0,14185,14185,14181,14182,49,,482
20220704,1003,20,31,31,66,0,14181,14184,14178,14179,97,,483
20220704,1004,16,48,17,27,0,14179,14182,14178,14178,75,,484
20220704,1005,17,43,9,12,0,14178,14181,14178,14181,55,,485
20220704,1006,6,13,14,37,0,14182,14182,14178,14179,50,,486
20220704,1007,1,1,6,7,0,14179,14179,14178,14179,8,,487
20220704,1008,3,6,9,28,0,14180,14180,14178,14179,34,,488
20220704,1009,11,20,5,13,0,14180,14180,14177,14179,33,,489
20220704,1010,17,30,1,3,0,14180,14183,14180,14183,33,,490
20220704,1011,7,8,7,14,0,14183,14183,14179,14181,22,,491
20220704,1012,6,10,7,11,0,14180,14183,14180,14182,21,,492
20220704,1013,6,11,8,12,0,14183,14185,14183,14184,23,,493
20220704,1014,9,11,5,5,0,14184,14186,14183,14184,16,,494
20220704,1015,5,12,4,10,0,14184,14185,14183,14185,22,,495
20220704,1016,5,10,7,15,0,14185,14185,14181,14182,25,,496
20220704,1017,6,7,2,2,0,14181,14182,14181,14181,9,,497
20220704,1018,7,12,2,2,0,14181,14185,14181,14185,14,,498
20220704,1019,7,22,2,2,0,14184,14187,14184,14187,24,,499
20220704,1020,23,59,11,18,0,14188,14191,14188,14189,77,,500
20220704,1021,7,9,12,51,0,14190,14191,14185,14188,60,,501
20220704,1022,0,0,3,6,0,14187,14187,14187,14187,6,,502
20220704,1023,3,18,3,3,0,14187,14189,14187,14187,21,,503
20220704,1024,4,7,1,3,0,14188,14188,14187,14188,10,,504
20220704,1025,0,0,2,2,0,14187,14187,14187,14187,2,,505
20220704,1026,3,17,1,1,0,14187,14188,14187,14188,18,,506
20220704,1027,6,6,0,0,0,14188,14190,14188,14190,6,,507
20220704,1028,35,88,6,16,0,14191,14197,14191,14197,104,,508
20220704,1029,5,11,15,30,0,14197,14197,14195,14196,41,,509
20220704,1030,9,31,4,20,0,14196,14197,14195,14196,51,,510
20220704,1031,41,94,16,55,0,14197,14200,14196,14198,149,,511
20220704,1032,5,5,5,12,0,14198,14198,14197,14197,17,,512
20220704,1033,4,14,6,14,0,14197,14200,14197,14197,28,,513
20220704,1034,7,8,1,1,0,14198,14198,14197,14198,9,,514
20220704,1035,4,4,14,25,0,14197,14197,14194,14195,29,,515
20220704,1036,4,11,2,2,0,14195,14195,14194,14195,13,,516
20220704,1037,7,11,6,25,0,14196,14197,14195,14197,36,,517
20220704,1038,135,306,59,136,0,14198,14212,14198,14209,442,,518
20220704,1039,37,66,18,36,0,14209,14214,14209,14212,102,,519
20220704,1040,7,8,26,41,0,14210,14211,14207,14207,49,,520
20220704,1041,23,32,10,11,0,14207,14210,14207,14209,43,,521
20220704,1042,12,25,12,53,0,14209,14211,14207,14210,78,,522
20220704,1043,41,72,21,36,0,14211,14216,14208,14208,108,,523
20220704,1044,9,10,7,27,0,14209,14211,14208,14208,37,,524
20220704,1045,18,35,5,8,0,14209,14210,14207,14207,43,,525
20220704,1046,8,8,16,23,0,14209,14209,14202,14202,31,,526
20220704,1047,12,15,17,33,0,14202,14202,14200,14201,48,,527
20220704,1048,13,26,2,2,0,14202,14205,14202,14205,28,,528
20220704,1049,4,12,4,8,0,14205,14205,14204,14205,20,,529
20220704,1050,5,7,3,6,0,14205,14205,14203,14205,13,,530
20220704,1051,4,4,6,7,0,14204,14204,14201,14204,11,,531
20220704,1052,2,4,1,1,0,14204,14205,14203,14203,5,,532
20220704,1053,3,5,9,16,0,14203,14204,14202,14203,21,,533
20220704,1054,6,7,4,11,0,14204,14204,14202,14203,18,,534
20220704,1055,2,4,6,14,0,14202,14203,14200,14200,18,,535
20220704,1056,14,30,9,16,0,14200,14204,14199,14203,46,,536
20220704,1057,10,21,2,6,0,14202,14207,14202,14207,27,,537
20220704,1058,7,12,5,16,0,14206,14207,14203,14205,28,,538
20220704,1059,4,9,9,14,0,14201,14202,14200,14200,23,,539
20220704,1100,3,3,4,4,0,14202,14203,14201,14203,7,,540
20220704,1101,12,21,9,11,0,14204,14206,14202,14203,32,,541
20220704,1102,9,11,1,4,0,14204,14207,14204,14207,15,,542
20220704,1103,34,73,14,18,0,14205,14213,14205,14213,91,,543
20220704,1104,5,7,9,17,0,14213,14214,14209,14210,24,,544
20220704,1105,6,19,6,11,0,14211,14213,14210,14211,30,,545
20220704,1106,11,12,9,10,0,14210,14211,14208,14211,22,,546
20220704,1107,18,30,4,6,0,14210,14215,14210,14214,36,,547
20220704,1108,6,12,7,9,0,14213,14213,14211,14211,21,,548
20220704,1109,44,78,15,27,0,14211,14220,14211,14216,105,,549
20220704,1110,17,17,11,18,0,14215,14216,14211,14214,35,,550
20220704,1111,2,2,8,12,0,14214,14215,14211,14211,14,,551
20220704,1112,8,11,22,37,0,14210,14210,14204,14206,48,,552
20220704,1113,1,1,13,24,0,14206,14206,14204,14204,25,,553
20220704,1114,8,17,3,3,0,14204,14208,14204,14208,20,,554
20220704,1115,2,6,7,11,0,14207,14207,14206,14206,17,,555
20220704,1116,7,13,21,29,0,14205,14206,14201,14203,42,,556
20220704,1117,14,25,38,69,0,14202,14202,14194,14197,94,,557
20220704,1118,6,13,14,29,0,14197,14197,14195,14195,42,,558
20220704,1119,10,19,5,6,0,14195,14200,14194,14200,25,,559
20220704,1120,14,28,11,16,0,14198,14201,14197,14197,44,,560
20220704,1121,5,8,7,15,0,14196,14196,14194,14194,23,,561
20220704,1122,16,39,2,2,0,14195,14197,14195,14196,41,,562
20220704,1123,2,6,14,19,0,14196,14196,14194,14194,25,,563
20220704,1124,16,21,2,4,0,14195,14199,14195,14196,25,,564
20220704,1125,11,14,0,0,0,14196,14197,14196,14197,14,,565
20220704,1126,2,2,7,15,0,14196,14197,14194,14194,17,,566
20220704,1127,16,32,6,10,0,14194,14197,14193,14197,42,,567
20220704,1128,8,16,1,1,0,14197,14199,14197,14199,17,,568
20220704,1129,14,16,6,7,0,14198,14202,14198,14199,23,,569
20220704,1130,5,10,6,20,0,14200,14203,14200,14200,30,,570
20220704,1131,13,18,0,0,0,14201,14201,14201,14201,18,,571
20220704,1132,2,4,3,6,0,14202,14202,14201,14201,10,,572
20220704,1133,10,11,4,5,0,14200,14202,14200,14200,16,,573
20220704,1134,10,13,4,4,0,14201,14206,14201,14204,17,,574
20220704,1135,7,15,11,14,0,14205,14207,14204,14206,29,,575
20220704,1136,11,16,7,13,0,14205,14206,14204,14206,29,,576
20220704,1137,1,7,9,17,0,14205,14205,14201,14202,24,,577
20220704,1138,6,8,2,3,0,14205,14206,14204,14205,11,,578
20220704,1139,3,4,8,27,0,14205,14205,14201,14202,31,,579
20220704,1140,8,15,7,19,0,14204,14207,14204,14206,34,,580
20220704,1141,26,37,9,26,0,14207,14210,14207,14209,63,,581
20220704,1142,25,48,10,11,0,14209,14214,14208,14213,59,,582
20220704,1143,73,117,31,51,0,14214,14224,14214,14222,168,,583
20220704,1144,39,54,39,65,0,14223,14225,14218,14219,119,,584
20220704,1145,19,23,21,31,0,14218,14219,14217,14218,54,,585
20220704,1146,33,37,26,66,0,14218,14220,14212,14215,103,,586
20220704,1147,10,23,11,18,0,14214,14216,14210,14213,41,,587
20220704,1148,1,2,11,34,0,14212,14213,14210,14210,36,,588
20220704,1149,6,17,5,15,0,14211,14211,14210,14211,32,,589
20220704,1150,3,5,11,24,0,14211,14211,14208,14208,29,,590
20220704,1151,4,13,5,5,0,14209,14211,14208,14208,18,,591
20220704,1152,0,0,8,20,0,14208,14208,14206,14206,20,,592
20220704,1153,6,7,14,23,0,14206,14206,14204,14206,30,,593
20220704,1154,8,10,10,10,0,14206,14206,14203,14205,20,,594
20220704,1155,3,3,7,21,0,14206,14206,14203,14203,24,,595
20220704,1156,9,19,2,2,0,14203,14205,14202,14205,21,,596
20220704,1157,7,11,7,14,0,14206,14207,14206,14206,25,,597
20220704,1158,1,1,6,12,0,14206,14207,14205,14205,13,,598
20220704,1159,11,22,4,5,0,14205,14212,14205,14212,27,,599
20220704,1200,6,13,14,38,0,14213,14214,14207,14207,51,,600
20220704,1201,6,12,5,6,0,14206,14209,14206,14208,18,,601
20220704,1202,1,2,10,17,0,14207,14208,14205,14205,19,,602
20220704,1203,2,3,7,13,0,14206,14207,14205,14205,16,,603
20220704,1204,4,13,8,11,0,14205,14206,14203,14206,24,,604
20220704,1205,3,7,3,3,0,14205,14208,14205,14207,10,,605
20220704,1206,6,11,5,10,0,14207,14212,14207,14210,21,,606
20220704,1207,2,2,5,5,0,14209,14209,14208,14209,7,,607
20220704,1208,6,9,4,5,0,14211,14212,14210,14211,14,,608
20220704,1209,15,34,4,10,0,14212,14216,14211,14215,44,,609
20220704,1210,1,1,9,10,0,14216,14216,14212,14212,11,,610
20220704,1211,0,0,15,24,0,14212,14212,14208,14208,24,,611
20220704,1212,6,8,19,31,0,14207,14207,14201,14201,39,,612
20220704,1213,7,11,4,5,0,14200,14203,14200,14202,16,,613
20220704,1214,3,4,12,21,0,14202,14203,14201,14201,25,,614
20220704,1215,14,22,40,137,0,14200,14200,14195,14197,159,,615
20220704,1216,17,19,7,13,0,14195,14199,14195,14198,32,,616
20220704,1217,8,12,14,22,0,14199,14199,14195,14196,34,,617
20220704,1218,9,15,18,36,0,14196,14198,14191,14195,51,,618
20220704,1219,6,12,13,26,0,14195,14195,14190,14191,38,,619
20220704,1220,18,31,9,18,0,14191,14193,14190,14193,49,,620
20220704,1221,14,25,14,33,0,14191,14194,14190,14194,58,,621
20220704,1222,15,26,3,3,0,14193,14197,14193,14196,29,,622
20220704,1223,10,18,5,15,0,14197,14199,14196,14199,33,,623
20220704,1224,0,0,10,22,0,14198,14198,14194,14194,22,,624
20220704,1225,11,20,3,3,0,14194,14200,14193,14200,23,,625
20220704,1226,1,1,6,14,0,14199,14199,14194,14195,15,,626
20220704,1227,7,14,5,5,0,14193,14197,14193,14197,19,,627
20220704,1228,1,4,5,12,0,14197,14197,14195,14195,16,,628
20220704,1229,8,19,2,2,0,14196,14197,14195,14197,21,,629
20220704,1230,16,30,7,8,0,14198,14201,14198,14198,38,,630
20220704,1231,4,4,3,3,0,14200,14200,14199,14199,7,,631
20220704,1232,5,7,9,22,0,14199,14199,14193,14198,29,,632
20220704,1233,4,6,2,4,0,14198,14198,14197,14198,10,,633
20220704,1234,9,20,6,13,0,14197,14199,14195,14199,33,,634
20220704,1235,4,10,3,6,0,14200,14200,14198,14200,16,,635
20220704,1236,14,21,8,14,0,14201,14204,14201,14201,35,,636
20220704,1237,0,0,6,6,0,14201,14201,14200,14200,6,,637
20220704,1238,1,1,3,4,0,14200,14201,14200,14200,5,,638
20220704,1239,2,3,4,8,0,14200,14201,14200,14200,11,,639
20220704,1240,0,0,9,26,0,14199,14199,14195,14195,26,,640
20220704,1241,2,4,1,4,0,14195,14197,14195,14197,8,,641
20220704,1242,5,11,0,0,0,14197,14198,14197,14198,11,,642
20220704,1243,2,2,1,1,0,14198,14198,14197,14197,3,,643
20220704,1244,2,2,1,4,0,14197,14200,14197,14200,6,,644
20220704,1245,3,4,4,5,0,14196,14196,14194,14195,9,,645
20220704,1246,2,5,0,0,0,14197,14197,14197,14197,5,,646
20220704,1247,8,9,0,0,0,14198,14199,14198,14199,9,,647
20220704,1248,16,33,2,2,0,14199,14201,14199,14201,35,,648
20220704,1249,6,8,3,6,0,14201,14201,14197,14197,14,,649
20220704,1250,9,15,13,43,0,14197,14197,14192,14194,58,,650
20220704,1251,21,44,10,18,0,14194,14196,14191,14196,62,,651
20220704,1252,6,8,1,1,0,14196,14196,14195,14196,9,,652
20220704,1253,4,12,0,0,0,14196,14197,14196,14197,12,,653
20220704,1254,26,57,2,3,0,14198,14205,14198,14205,60,,654
20220704,1255,11,22,9,11,0,14205,14208,14205,14207,33,,655
20220704,1256,3,7,8,8,0,14206,14207,14203,14206,15,,656
20220704,1257,0,0,8,23,0,14206,14206,14204,14204,23,,657
20220704,1258,9,13,6,7,0,14204,14208,14204,14207,20,,658
20220704,1259,0,0,4,17,0,14207,14207,14206,14206,17,,659
20220704,1300,6,7,9,10,0,14205,14205,14201,14204,17,,660
20220704,1301,9,19,4,15,0,14204,14205,14202,14204,34,,661
20220704,1302,0,0,7,11,0,14203,14203,14201,14201,11,,662
20220704,1303,7,7,3,3,0,14202,14205,14202,14205,10,,663
20220704,1304,5,9,0,0,0,14205,14205,14205,14205,9,,664
20220704,1305,5,10,5,8,0,14206,14207,14205,14205,18,,665
20220704,1306,8,9,4,5,0,14204,14208,14204,14208,14,,666
20220704,1307,0,0,5,16,0,14206,14206,14203,14203,16,,667
20220704,1308,9,17,3,3,0,14204,14207,14204,14207,20,,668
20220704,1309,18,56,4,8,0,14208,14213,14208,14213,64,,669
20220704,1310,5,5,14,22,0,14213,14213,14208,14208,27,,670
20220704,1311,4,5,8,12,0,14208,14210,14207,14207,17,,671
20220704,1312,4,7,4,11,0,14207,14208,14207,14207,18,,672
20220704,1313,4,4,10,11,0,14206,14206,14202,14205,15,,673
20220704,1314,2,3,2,2,0,14208,14208,14207,14208,5,,674
20220704,1315,9,15,6,10,0,14209,14212,14209,14211,25,,675
20220704,1316,7,22,7,8,0,14210,14211,14208,14211,30,,676
20220704,1317,0,0,6,8,0,14210,14210,14208,14208,8,,677
20220704,1318,6,17,4,5,0,14207,14211,14207,14209,22,,678
20220704,1319,1,1,4,8,0,14208,14209,14206,14206,9,,679
20220704,1320,10,12,5,12,0,14205,14206,14204,14206,24,,680
20220704,1321,9,17,2,2,0,14206,14207,14204,14205,19,,681
20220704,1322,3,5,9,18,0,14204,14204,14201,14203,23,,682
20220704,1323,10,10,15,44,0,14202,14204,14199,14202,54,,683
20220704,1324,5,13,6,10,0,14201,14203,14201,14203,23,,684
20220704,1325,2,7,3,3,0,14202,14204,14202,14203,10,,685
20220704,1326,6,11,3,4,0,14204,14205,14203,14205,15,,686
20220704,1327,1,3,6,12,0,14204,14204,14202,14203,15,,687
20220704,1328,7,12,3,3,0,14201,14204,14200,14204,15,,688
20220704,1329,12,17,15,37,0,14203,14203,14197,14200,54,,689
20220704,1330,3,3,4,10,0,14200,14201,14200,14201,13,,690
20220704,1331,7,7,13,33,0,14203,14204,14199,14199,40,,691
20220704,1332,17,46,6,6,0,14201,14201,14198,14200,52,,692
20220704,1333,6,13,9,9,0,14198,14200,14197,14199,22,,693
20220704,1334,2,2,20,53,0,14198,14198,14193,14193,55,,694
20220704,1335,15,22,25,44,0,14193,14195,14191,14195,66,,695
20220704,1336,9,19,6,9,0,14194,14197,14194,14196,28,,696
20220704,1337,5,11,12,14,0,14195,14197,14194,14196,25,,697
20220704,1338,7,12,10,29,0,14196,14199,14196,14198,41,,698
20220704,1339,7,8,7,11,0,14198,14199,14196,14196,19,,699
20220704,1340,5,9,12,16,0,14196,14197,14195,14196,25,,700
20220704,1341,9,13,33,106,0,14196,14197,14188,14188,119,,701
20220704,1342,29,50,64,112,0,14188,14191,14185,14186,162,,702
20220704,1343,6,19,23,34,0,14186,14188,14185,14186,53,,703
20220704,1344,47,148,59,191,0,14186,14186,14178,14183,339,,704
20220704,1345,24,30,17,28,0,14182,14187,14182,14183,58,,705
20220704,1346,17,29,46,59,0,14182,14186,14180,14183,88,,706
20220704,1347,20,49,17,26,0,14185,14191,14184,14188,75,,707
20220704,1348,17,25,17,22,0,14187,14188,14184,14186,47,,708
20220704,1349,10,17,8,19,0,14186,14190,14186,14187,36,,709
20220704,1350,2,2,18,43,0,14187,14187,14183,14183,45,,710
20220704,1351,13,36,16,39,0,14183,14185,14181,14183,75,,711
20220704,1352,6,13,14,27,0,14183,14184,14181,14182,40,,712
20220704,1353,34,53,54,123,0,14181,14182,14175,14178,176,,713
20220704,1354,13,17,14,17,0,14179,14180,14177,14179,34,,714
20220704,1355,6,16,12,20,0,14180,14181,14179,14180,36,,715
20220704,1356,11,23,25,69,0,14179,14179,14176,14178,92,,716
20220704,1357,7,9,6,6,0,14180,14180,14178,14180,15,,717
20220704,1358,1,1,6,8,0,14179,14180,14179,14179,9,,718
20220704,1359,13,23,8,9,0,14179,14181,14179,14179,32,,719
20220704,1400,12,26,40,113,0,14181,14181,14172,14173,139,,720
20220704,1401,62,139,58,98,0,14174,14182,14169,14182,237,,721
20220704,1402,30,48,15,21,0,14182,14184,14179,14181,69,,722
20220704,1403,12,15,13,18,0,14180,14181,14177,14180,33,,723
20220704,1404,12,16,11,18,0,14179,14180,14175,14178,34,,724
20220704,1405,13,25,1,1,0,14178,14181,14177,14181,26,,725
20220704,1406,17,34,7,14,0,14181,14181,14178,14181,48,,726
20220704,1407,14,16,35,64,0,14180,14181,14172,14173,80,,727
20220704,1408,15,22,10,15,0,14173,14177,14173,14175,37,,728
20220704,1409,22,32,17,77,0,14175,14176,14171,14176,109,,729
20220704,1410,8,13,9,11,0,14175,14177,14175,14176,24,,730
20220704,1411,17,22,22,56,0,14175,14176,14171,14176,78,,731
20220704,1412,8,13,3,3,0,14177,14178,14175,14176,16,,732
20220704,1413,3,8,12,34,0,14175,14175,14171,14171,42,,733
20220704,1414,7,8,9,17,0,14172,14173,14170,14170,25,,734
20220704,1415,6,12,37,60,0,14170,14170,14166,14167,72,,735
20220704,1416,20,34,18,24,0,14167,14170,14166,14170,58,,736
20220704,1417,21,50,25,65,0,14170,14170,14164,14169,115,,737
20220704,1418,19,29,3,3,0,14170,14175,14168,14175,32,,738
20220704,1419,5,6,9,18,0,14174,14175,14173,14175,24,,739
20220704,1420,13,18,10,18,0,14175,14177,14175,14175,36,,740
20220704,1421,17,48,9,17,0,14176,14177,14172,14173,65,,741
20220704,1422,6,10,4,4,0,14173,14174,14172,14174,14,,742
20220704,1423,10,14,1,1,0,14174,14174,14173,14173,15,,743
20220704,1424,2,2,9,26,0,14173,14176,14172,14172,28,,744
20220704,1425,12,14,8,54,0,14171,14173,14169,14171,68,,745
20220704,1426,13,18,3,8,0,14171,14173,14170,14173,26,,746
20220704,1427,4,5,10,22,0,14174,14175,14172,14172,27,,747
20220704,1428,5,9,4,12,0,14171,14175,14168,14175,21,,748
20220704,1429,4,5,9,16,0,14173,14173,14169,14171,21,,749
20220704,1430,5,12,0,0,0,14171,14174,14171,14174,12,,750
20220704,1431,13,30,12,24,0,14173,14176,14172,14172,54,,751
20220704,1432,8,12,9,34,0,14171,14172,14168,14172,46,,752
20220704,1433,4,4,7,8,0,14173,14173,14170,14171,12,,753
20220704,1434,9,17,8,9,0,14172,14175,14171,14175,26,,754
20220704,1435,32,72,5,8,0,14175,14182,14175,14181,80,,755
20220704,1436,11,13,15,39,0,14182,14182,14177,14178,52,,756
20220704,1437,11,13,6,7,0,14176,14177,14174,14177,20,,757
20220704,1438,3,3,9,19,0,14177,14177,14172,14174,22,,758
20220704,1439,10,20,35,79,0,14174,14175,14166,14167,99,,759
20220704,1440,19,28,14,39,0,14168,14171,14167,14171,67,,760
20220704,1441,6,12,11,20,0,14171,14171,14168,14170,32,,761
20220704,1442,8,19,1,4,0,14170,14172,14170,14172,23,,762
20220704,1443,5,5,7,12,0,14173,14173,14169,14171,17,,763
20220704,1444,5,9,5,10,0,14169,14172,14169,14172,19,,764
20220704,1445,9,20,2,6,0,14172,14177,14171,14177,26,,765
20220704,1446,5,10,8,14,0,14177,14177,14174,14174,24,,766
20220704,1447,16,26,4,14,0,14174,14179,14174,14179,40,,767
20220704,1448,6,11,7,17,0,14179,14179,14177,14177,28,,768
20220704,1449,0,0,4,7,0,14177,14177,14175,14175,7,,769
20220704,1450,4,4,1,1,0,14176,14177,14176,14176,5,,770
20220704,1451,3,3,2,2,0,14178,14178,14176,14177,5,,771
20220704,1452,13,22,6,15,0,14179,14181,14179,14180,37,,772
20220704,1453,8,18,11,14,0,14179,14183,14179,14180,32,,773
20220704,1454,3,3,4,9,0,14181,14182,14180,14180,12,,774
20220704,1455,1,4,5,5,0,14180,14180,14179,14179,9,,775
20220704,1456,2,2,3,4,0,14180,14180,14178,14178,6,,776
20220704,1457,10,16,3,8,0,14179,14182,14179,14181,24,,777
20220704,1458,8,18,5,13,0,14181,14182,14181,14181,31,,778
20220704,1459,1,1,4,6,0,14180,14180,14179,14180,7,,779
20220704,1500,3,3,10,14,0,14180,14180,14177,14178,17,,780
20220704,1501,11,16,8,26,0,14180,14182,14178,14181,42,,781
20220704,1502,29,70,4,9,0,14181,14187,14181,14184,79,,782
20220704,1503,19,69,21,33,0,14183,14190,14183,14186,102,,783
20220704,1504,26,38,8,11,0,14187,14190,14184,14190,49,,784
20220704,1505,12,50,13,36,0,14190,14192,14186,14192,86,,785
20220704,1506,14,19,12,19,0,14190,14190,14186,14188,38,,786
20220704,1507,15,34,8,12,0,14187,14194,14187,14193,46,,787
20220704,1508,6,11,10,23,0,14194,14194,14187,14190,34,,788
20220704,1509,3,4,4,4,0,14189,14190,14188,14189,8,,789
20220704,1510,8,21,3,4,0,14190,14192,14190,14191,25,,790
20220704,1511,3,7,12,23,0,14191,14192,14188,14189,30,,791
20220704,1512,0,0,4,10,0,14188,14188,14186,14186,10,,792
20220704,1513,4,8,1,1,0,14187,14187,14186,14187,9,,793
20220704,1514,2,2,0,0,0,14188,14188,14188,14188,2,,794
20220704,1515,7,7,3,4,0,14188,14189,14187,14187,11,,795
20220704,1516,1,1,4,4,0,14187,14188,14187,14187,5,,796
20220704,1517,1,1,4,4,0,14187,14188,14187,14187,5,,797
20220704,1518,8,12,5,15,0,14186,14187,14185,14187,27,,798
20220704,1519,4,6,3,3,0,14187,14187,14186,14187,9,,799
20220704,1520,9,24,3,6,0,14187,14188,14187,14187,30,,800
20220704,1521,5,6,1,4,0,14187,14189,14187,14189,10,,801
20220704,1522,6,7,5,17,0,14190,14191,14190,14191,24,,802
20220704,1523,4,8,9,19,0,14190,14190,14185,14185,27,,803
20220704,1524,2,3,7,10,0,14186,14186,14184,14185,13,,804
20220704,1525,1,4,14,27,0,14184,14185,14182,14182,31,,805
20220704,1526,7,10,1,3,0,14182,14184,14182,14184,13,,806
20220704,1527,2,5,6,37,0,14183,14183,14180,14181,42,,807
20220704,1528,2,3,0,0,0,14181,14182,14181,14182,3,,808
20220704,1529,7,29,4,4,0,14183,14184,14182,14184,33,,809
20220704,1530,6,32,5,10,0,14184,14184,14181,14181,42,,810
20220704,1531,3,3,1,1,0,14183,14183,14181,14183,4,,811
20220704,1532,1,1,6,14,0,14182,14182,14180,14180,15,,812
20220704,1533,5,12,2,5,0,14180,14181,14179,14181,17,,813
20220704,1534,5,8,0,0,0,14181,14183,14181,14183,8,,814
20220704,1535,0,0,2,2,0,14182,14182,14182,14182,2,,815
20220704,1536,9,11,23,51,0,14179,14179,14175,14176,62,,816
20220704,1537,18,28,14,26,0,14175,14175,14171,14174,54,,817
20220704,1538,3,4,8,11,0,14173,14174,14172,14173,15,,818
20220704,1539,7,10,9,42,0,14173,14173,14170,14172,52,,819
20220704,1540,2,4,1,1,0,14173,14173,14172,14173,5,,820
20220704,1541,5,5,3,3,0,14173,14174,14173,14174,8,,821
20220704,1542,6,6,0,0,0,14175,14176,14175,14176,6,,822
20220704,1543,2,3,2,3,0,14177,14177,14175,14175,6,,823
20220704,1544,2,5,1,1,0,14175,14176,14175,14176,6,,824
20220704,1545,3,3,1,1,0,14176,14176,14175,14176,4,,825
20220704,1546,4,4,8,37,0,14176,14177,14172,14172,41,,826
20220704,1547,0,0,0,0,0,14172,14172,14172,14172,0,,827
20220704,1548,3,3,0,0,0,14175,14176,14175,14176,3,,828
20220704,1549,5,15,0,0,0,14176,14178,14176,14178,15,,829
20220704,1550,5,7,1,2,0,14178,14180,14178,14179,9,,830
20220704,1551,2,2,4,4,0,14178,14179,14177,14177,6,,831
20220704,1552,2,2,0,0,0,14178,14178,14178,14178,2,,832
20220704,1553,5,8,0,0,0,14179,14181,14179,14181,8,,833
20220704,1554,8,15,0,0,0,14181,14183,14181,14183,15,,834
20220704,1555,11,26,5,16,0,14183,14185,14182,14184,42,,835
20220704,1556,2,5,1,1,0,14183,14184,14183,14184,6,,836
20220704,1557,2,2,0,0,0,14184,14185,14184,14185,2,,837
20220704,1558,7,13,10,15,0,14185,14186,14180,14180,28,,838
20220704,1559,0,0,3,4,0,14180,14180,14179,14179,4,,839
20220704,1600,2,3,8,18,0,14179,14179,14178,14179,21,,840
20220704,1601,20,31,17,24,0,14178,14183,14176,14176,55,,841
20220704,1602,2,4,8,12,0,14176,14176,14174,14175,16,,842
20220704,1603,6,10,0,0,0,14176,14179,14176,14179,10,,843
20220704,1604,3,4,0,0,0,14180,14182,14180,14182,4,,844
20220704,1605,2,2,0,0,0,14182,14182,14182,14182,2,,845
20220704,1606,1,1,1,1,0,14181,14182,14181,14182,2,,846
20220704,1607,6,7,0,0,0,14182,14184,14182,14184,7,,847
20220704,1608,35,50,11,15,0,14185,14191,14185,14190,65,,848
20220704,1609,28,85,18,21,0,14190,14195,14189,14193,106,,849
20220704,1610,9,28,11,19,0,14193,14194,14193,14194,47,,850
20220704,1611,5,6,8,18,0,14192,14194,14191,14192,24,,851
20220704,1612,4,6,2,2,0,14193,14193,14191,14192,8,,852
20220704,1613,2,2,5,11,0,14192,14193,14192,14192,13,,853
20220704,1614,7,7,1,1,0,14192,14194,14192,14194,8,,854
20220704,1615,1,2,0,0,0,14194,14194,14194,14194,2,,855
20220704,1616,1,1,1,1,0,14192,14193,14192,14193,2,,856
20220704,1617,1,1,0,0,0,14193,14193,14193,14193,1,,857
20220704,1618,3,3,0,0,0,14193,14193,14193,14193,3,,858
20220704,1619,0,0,12,19,0,14192,14192,14189,14189,19,,859
20220704,1620,1,1,2,3,0,14190,14190,14189,14189,4,,860
20220704,1621,2,13,6,11,0,14190,14190,14189,14189,24,,861
20220704,1622,4,5,1,1,0,14189,14191,14189,14191,6,,862
20220704,1623,16,17,3,6,0,14190,14194,14190,14192,23,,863
20220704,1624,5,5,2,2,0,14194,14194,14193,14193,7,,864
20220704,1625,0,0,2,3,0,14192,14192,14192,14192,3,,865
20220704,1626,1,2,5,8,0,14191,14191,14189,14190,10,,866
20220704,1627,4,8,1,1,0,14190,14192,14190,14191,9,,867
20220704,1628,0,0,0,0,0,14191,14191,14191,14191,0,,868
20220704,1629,4,6,3,3,0,14189,14194,14189,14194,9,,869
20220704,1630,40,136,19,28,0,14195,14204,14195,14203,164,,870
20220704,1631,42,72,27,34,0,14202,14207,14202,14205,106,,871
20220704,1632,0,0,12,25,0,14201,14201,14193,14193,25,,872
20220704,1633,9,12,5,12,0,14192,14194,14191,14193,24,,873
20220704,1634,2,3,13,34,0,14195,14195,14188,14188,37,,874
20220704,1635,2,3,6,7,0,14188,14188,14187,14187,10,,875
20220704,1636,9,23,1,1,0,14188,14192,14188,14192,24,,876
20220704,1637,7,7,1,1,0,14192,14192,14190,14192,8,,877
20220704,1638,1,1,2,3,0,14191,14191,14190,14191,4,,878
20220704,1639,2,3,1,6,0,14191,14191,14190,14190,9,,879
20220704,1640,0,0,1,1,0,14189,14189,14189,14189,1,,880
20220704,1641,3,6,7,9,0,14188,14188,14186,14188,15,,881
20220704,1642,3,3,0,0,0,14188,14189,14188,14189,3,,882
20220704,1643,0,0,1,1,0,14187,14187,14187,14187,1,,883
20220704,1644,2,2,3,6,0,14187,14188,14187,14188,8,,884
20220704,1645,3,3,1,1,0,14189,14190,14188,14190,4,,885
20220704,1646,3,3,1,1,0,14189,14190,14189,14190,4,,886
20220704,1647,2,2,1,1,0,14189,14190,14189,14190,3,,887
20220704,1648,0,0,0,0,0,14190,14190,14190,14190,0,,888
20220704,1649,0,0,1,1,0,14189,14189,14189,14189,1,,889
20220704,1650,3,6,0,0,0,14191,14192,14191,14192,6,,890
20220704,1651,2,2,1,1,0,14192,14193,14192,14192,3,,891
20220704,1652,13,19,1,1,0,14191,14200,14191,14200,20,,892
20220704,1653,4,4,11,13,0,14200,14201,14197,14197,17,,893
20220704,1654,2,2,4,4,0,14197,14198,14195,14197,6,,894
20220704,1655,7,8,0,0,0,14197,14200,14197,14200,8,,895
20220704,1656,18,18,6,11,0,14200,14203,14200,14200,29,,896
20220704,1657,2,2,3,3,0,14200,14201,14200,14200,5,,897
20220704,1658,6,6,5,6,0,14202,14202,14200,14200,12,,898
20220704,1659,3,4,11,33,0,14199,14200,14194,14194,37,,899
20220704,1700,2,2,0,0,0,14196,14198,14196,14198,2,,900
20220704,1701,19,33,2,2,0,14198,14205,14195,14205,35,,901
20220704,1702,1,1,3,4,0,14205,14205,14199,14199,5,,902
20220704,1703,0,0,4,4,0,14198,14198,14195,14195,4,,903
20220704,1704,2,5,4,4,0,14195,14198,14194,14194,9,,904
20220704,1705,3,5,1,1,0,14193,14201,14193,14201,6,,905
20220704,1706,0,0,3,3,0,14195,14195,14194,14194,3,,906
20220704,1707,0,0,0,0,0,14194,14194,14194,14194,0,,907
20220704,1708,0,0,2,2,0,14194,14194,14193,14193,2,,908
20220704,1709,1,1,7,13,0,14192,14192,14188,14188,14,,909
20220704,1710,2,2,0,0,0,14191,14191,14191,14191,2,,910
20220704,1711,3,3,0,0,0,14191,14191,14191,14191,3,,911
20220704,1712,1,1,0,0,0,14191,14191,14191,14191,1,,912
20220704,1713,1,1,0,0,0,14191,14191,14191,14191,1,,913
20220704,1714,2,2,1,1,0,14192,14192,14191,14192,3,,914
20220704,1715,3,3,2,4,0,14190,14194,14190,14194,7,,915
20220704,1716,0,0,2,2,0,14191,14191,14191,14191,2,,916
20220704,1717,5,6,1,1,0,14194,14194,14190,14191,7,,917
20220704,1718,6,6,2,2,0,14191,14194,14191,14193,8,,918
20220704,1719,2,2,1,1,0,14193,14194,14191,14191,3,,919
20220704,1720,2,2,1,1,0,14191,14194,14191,14194,3,,920
20220704,1721,1,1,2,2,0,14192,14194,14191,14194,3,,921
20220704,1722,0,0,1,1,0,14191,14191,14191,14191,1,,922
20220704,1723,10,14,2,3,0,14191,14196,14191,14191,17,,923
20220704,1724,3,3,0,0,0,14192,14195,14192,14195,3,,924
20220704,1725,0,0,1,1,0,14193,14193,14193,14193,1,,925
20220704,1726,1,1,2,4,0,14195,14195,14193,14193,5,,926
20220704,1727,0,0,2,2,0,14193,14193,14192,14192,2,,927
20220704,1728,2,2,3,3,0,14191,14194,14191,14191,5,,928
20220704,1729,1,1,2,2,0,14191,14194,14191,14191,3,,929
20220704,1730,1,1,6,9,0,14190,14191,14189,14189,10,,930
20220704,1731,6,8,6,9,0,14188,14190,14187,14190,17,,931
20220704,1732,1,1,4,4,0,14191,14191,14187,14187,5,,932
20220704,1733,0,0,0,0,0,14187,14187,14187,14187,0,,933
20220704,1734,2,2,2,2,0,14187,14188,14187,14188,4,,934
20220704,1735,3,4,4,4,0,14189,14191,14187,14187,8,,935
20220704,1736,2,2,1,1,0,14191,14191,14187,14190,3,,936
20220704,1737,3,4,0,0,0,14190,14190,14190,14190,4,,937
20220704,1738,6,6,2,2,0,14190,14194,14189,14189,8,,938
20220704,1739,2,2,4,4,0,14189,14193,14189,14189,6,,939
20220704,1740,2,2,3,3,0,14194,14194,14188,14193,5,,940
20220704,1741,7,11,6,6,0,14194,14197,14191,14192,17,,941
20220704,1742,2,2,5,5,0,14191,14196,14189,14189,7,,942
20220704,1743,2,3,3,3,0,14190,14193,14189,14192,6,,943
20220704,1744,2,2,2,2,0,14193,14194,14189,14194,4,,944
20220704,1745,0,0,0,0,0,14194,14194,14194,14194,0,,945
20220704,1746,3,3,1,1,0,14194,14194,14190,14190,4,,946
20220704,1747,2,2,0,0,0,14194,14194,14194,14194,2,,947
20220704,1748,3,3,0,0,0,14194,14194,14194,14194,3,,948
20220704,1749,1,1,1,1,0,14194,14194,14191,14191,2,,949
20220704,1750,0,0,0,0,0,14191,14191,14191,14191,0,,950
20220704,1751,2,2,3,3,0,14193,14193,14191,14191,5,,951
20220704,1752,9,13,4,4,0,14192,14197,14191,14196,17,,952
20220704,1753,2,2,3,3,0,14192,14196,14192,14192,5,,953
20220704,1754,3,3,2,2,0,14191,14195,14191,14195,5,,954
20220704,1755,1,1,1,1,0,14196,14196,14192,14192,2,,955
20220704,1756,0,0,1,2,0,14192,14192,14192,14192,2,,956
20220704,1757,0,0,1,1,0,14192,14192,14192,14192,1,,957
20220704,1758,0,0,1,2,0,14192,14192,14192,14192,2,,958
20220704,1759,2,2,4,4,0,14192,14192,14191,14191,6,,959
20220704,1800,2,2,0,0,0,14194,14195,14194,14195,2,,960
20220704,1801,11,15,3,8,0,14194,14200,14191,14200,23,,961
20220704,1802,1,1,2,2,0,14195,14199,14195,14195,3,,962
20220704,1803,1,1,2,2,0,14196,14196,14195,14195,3,,963
20220704,1804,2,2,1,1,0,14199,14199,14195,14198,3,,964
20220704,1805,1,1,3,3,0,14199,14199,14194,14194,4,,965
20220704,1806,5,5,3,3,0,14197,14199,14196,14199,8,,966
20220704,1807,4,7,3,4,0,14195,14200,14195,14200,11,,967
20220704,1808,1,1,3,3,0,14199,14200,14199,14200,4,,968
20220704,1809,2,2,4,4,0,14200,14200,14195,14195,6,,969
20220704,1810,1,1,2,2,0,14194,14198,14194,14195,3,,970
20220704,1811,4,4,4,4,0,14194,14198,14192,14198,8,,971
20220704,1812,1,1,2,2,0,14192,14196,14192,14193,3,,972
20220704,1813,6,6,5,5,0,14195,14196,14191,14192,11,,973
20220704,1814,0,0,2,2,0,14192,14192,14191,14191,2,,974
20220704,1815,2,2,0,0,0,14194,14194,14194,14194,2,,975
20220704,1816,6,6,3,3,0,14194,14198,14191,14195,9,,976
20220704,1817,3,3,2,2,0,14197,14197,14192,14196,5,,977
20220704,1818,2,2,3,3,0,14192,14196,14192,14193,5,,978
20220704,1819,4,4,3,3,0,14192,14196,14192,14192,7,,979
20220704,1820,2,2,1,1,0,14195,14195,14192,14194,3,,980
20220704,1821,4,4,1,1,0,14195,14197,14194,14194,5,,981
20220704,1822,0,0,0,0,0,14194,14194,14194,14194,0,,982
20220704,1823,0,0,0,0,0,14194,14194,14194,14194,0,,983
20220704,1824,0,0,0,0,0,14194,14194,14194,14194,0,,984
20220704,1825,0,0,2,2,0,14192,14192,14192,14192,2,,985
20220704,1826,0,0,0,0,0,14192,14192,14192,14192,0,,986
20220704,1827,0,0,1,2,0,14192,14192,14192,14192,2,,987
20220704,1828,0,0,1,1,0,14192,14192,14192,14192,1,,988
20220704,1829,0,0,0,0,0,14192,14192,14192,14192,0,,989
20220704,1830,2,2,0,0,0,14194,14195,14194,14195,2,,990
20220704,1831,0,0,0,0,0,14195,14195,14195,14195,0,,991
20220704,1832,0,0,0,0,0,14195,14195,14195,14195,0,,992
20220704,1833,1,1,0,0,0,14195,14195,14195,14195,1,,993
20220704,1834,2,2,1,1,0,14195,14196,14195,14195,3,,994
20220704,1835,0,0,0,0,0,14195,14195,14195,14195,0,,995
20220704,1836,0,0,1,1,0,14192,14192,14192,14192,1,,996
20220704,1837,1,1,2,2,0,14192,14195,14191,14195,3,,997
20220704,1838,3,3,2,2,0,14196,14196,14192,14196,5,,998
20220704,1839,0,0,3,3,0,14193,14193,14191,14191,3,,999
20220704,1840,2,2,1,1,0,14195,14195,14192,14192,3,,1000
20220704,1841,3,3,2,2,0,14192,14195,14191,14195,5,,1001
20220704,1842,1,1,4,4,0,14192,14195,14192,14192,5,,1002
20220704,1843,2,2,2,2,0,14195,14195,14192,14192,4,,1003
20220704,1844,2,2,1,1,0,14194,14195,14194,14194,3,,1004
20220704,1845,0,0,2,2,0,14192,14192,14191,14191,2,,1005
20220704,1846,4,4,21,24,0,14191,14194,14188,14194,28,,1006
20220704,1847,3,3,2,2,0,14194,14194,14189,14192,5,,1007
20220704,1848,3,3,1,1,0,14192,14192,14191,14192,4,,1008
20220704,1849,3,3,0,0,0,14192,14192,14192,14192,3,,1009
20220704,1850,3,3,0,0,0,14192,14192,14192,14192,3,,1010
20220704,1851,2,9,2,2,0,14190,14193,14189,14193,11,,1011
20220704,1852,5,5,1,1,0,14193,14197,14193,14197,6,,1012
20220704,1853,2,2,5,5,0,14197,14197,14193,14193,7,,1013
20220704,1854,1,1,4,4,0,14196,14196,14192,14192,5,,1014
20220704,1855,1,1,0,0,0,14195,14195,14195,14195,1,,1015
20220704,1856,0,0,0,0,0,14195,14195,14195,14195,0,,1016
20220704,1857,2,2,0,0,0,14196,14196,14196,14196,2,,1017
20220704,1858,1,1,3,3,0,14193,14196,14193,14196,4,,1018
20220704,1859,0,0,0,0,0,14196,14196,14196,14196,0,,1019
20220704,1900,0,0,0,0,0,14196,14196,14196,14196,0,,1020
20220704,1901,10,14,5,8,0,14196,14201,14191,14201,22,,1021
20220704,1902,6,7,2,2,0,14196,14203,14195,14203,9,,1022
20220704,1903,3,3,3,3,0,14199,14203,14197,14201,6,,1023
20220704,1904,3,3,2,2,0,14198,14202,14196,14202,5,,1024
20220704,1905,1,5,2,2,0,14200,14203,14200,14203,7,,1025
20220704,1906,3,3,3,4,0,14201,14204,14200,14204,7,,1026
20220704,1907,7,9,18,19,0,14203,14204,14198,14204,28,,1027
20220704,1908,0,0,4,4,0,14203,14203,14199,14199,4,,1028
20220704,1909,0,0,2,2,0,14199,14199,14199,14199,2,,1029
20220704,1910,0,0,0,0,0,14199,14199,14199,14199,0,,1030
20220704,1911,3,4,1,1,0,14202,14203,14200,14200,5,,1031
20220704,1912,4,9,1,1,0,14203,14204,14203,14203,10,,1032
20220704,1913,86,125,9,9,0,14205,14220,14205,14218,134,,1033
20220704,1914,20,26,3,4,0,14219,14220,14215,14220,30,,1034
20220704,1915,6,7,8,9,0,14213,14220,14213,14213,16,,1035
20220704,1916,13,15,26,26,0,14215,14219,14203,14207,41,,1036
20220704,1917,3,3,4,4,0,14208,14216,14206,14209,7,,1037
20220704,1918,4,4,1,1,0,14210,14214,14209,14213,5,,1038
20220704,1919,14,14,15,18,0,14213,14219,14210,14215,32,,1039
20220704,1920,3,3,5,8,0,14209,14217,14207,14210,11,,1040
20220704,1921,5,6,19,19,0,14209,14210,14202,14210,25,,1041
20220704,1922,7,7,2,2,0,14210,14214,14209,14214,9,,1042
20220704,1923,0,0,1,1,0,14209,14209,14209,14209,1,,1043
20220704,1924,0,0,2,2,0,14208,14208,14208,14208,2,,1044
20220704,1925,1,1,3,3,0,14209,14209,14207,14207,4,,1045
20220704,1926,2,2,1,1,0,14210,14211,14207,14207,3,,1046
20220704,1927,2,2,2,2,0,14207,14212,14207,14208,4,,1047
20220704,1928,17,17,7,9,0,14211,14219,14208,14208,26,,1048
20220704,1929,4,4,6,7,0,14212,14213,14208,14211,11,,1049
20220704,1930,1,1,1,1,0,14210,14211,14210,14211,2,,1050
20220704,1931,9,11,16,18,0,14211,14217,14209,14210,29,,1051
20220704,1932,5,5,0,0,0,14211,14217,14211,14217,5,,1052
20220704,1933,0,0,1,1,0,14213,14213,14213,14213,1,,1053
20220704,1934,8,9,2,2,0,14215,14218,14214,14216,11,,1054
20220704,1935,1,2,3,3,0,14217,14217,14213,14213,5,,1055
20220704,1936,2,3,1,1,0,14214,14214,14213,14214,4,,1056
20220704,1937,23,30,6,6,0,14216,14220,14216,14217,36,,1057
20220704,1938,4,4,6,6,0,14215,14218,14213,14214,10,,1058
20220704,1939,1,1,7,7,0,14213,14218,14212,14212,8,,1059
20220704,1940,2,2,3,3,0,14212,14218,14212,14214,5,,1060
20220704,1941,4,6,1,1,0,14215,14218,14215,14217,7,,1061
20220704,1942,3,4,0,0,0,14217,14218,14217,14218,4,,1062
20220704,1943,10,15,14,19,0,14218,14220,14216,14216,34,,1063
20220704,1944,198,402,37,51,0,14217,14250,14217,14244,453,,1064
20220704,1945,40,46,27,55,0,14244,14250,14233,14239,101,,1065
20220704,1946,86,123,29,55,0,14242,14258,14233,14240,178,,1066
20220704,1947,7,8,4,5,0,14244,14244,14239,14243,13,,1067
20220704,1948,2,3,6,11,0,14241,14245,14235,14235,14,,1068
20220704,1949,10,11,8,9,0,14238,14240,14232,14234,20,,1069
20220704,1950,12,15,9,15,0,14235,14240,14233,14239,30,,1070
20220704,1951,2,2,8,10,0,14240,14240,14234,14234,12,,1071
20220704,1952,2,2,8,16,0,14234,14234,14228,14228,18,,1072
20220704,1953,6,7,3,3,0,14228,14232,14227,14232,10,,1073
20220704,1954,4,4,8,8,0,14232,14232,14222,14223,12,,1074
20220704,1955,21,21,15,17,0,14223,14234,14220,14234,38,,1075
20220704,1956,6,6,3,3,0,14230,14234,14227,14234,9,,1076
20220704,1957,6,6,11,11,0,14226,14228,14221,14228,17,,1077
20220704,1958,2,2,2,3,0,14226,14229,14226,14229,5,,1078
20220704,1959,8,9,1,1,0,14230,14234,14229,14234,10,,1079
20220704,2000,7,7,23,23,0,14234,14234,14223,14224,30,,1080
20220704,2001,30,33,13,13,0,14224,14240,14223,14240,46,,1081
20220704,2002,0,0,7,7,0,14238,14238,14236,14236,7,,1082
20220704,2003,2,2,6,6,0,14236,14236,14232,14235,8,,1083
20220704,2004,9,9,3,3,0,14238,14240,14237,14239,12,,1084
20220704,2005,7,7,6,6,0,14238,14240,14236,14239,13,,1085
20220704,2006,0,0,2,2,0,14238,14238,14237,14237,2,,1086
20220704,2007,26,30,13,15,0,14237,14250,14237,14246,45,,1087
20220704,2008,3,3,5,5,0,14245,14246,14242,14242,8,,1088
20220704,2009,9,14,16,16,0,14241,14251,14237,14238,30,,1089
20220704,2010,8,8,15,17,0,14237,14247,14231,14231,25,,1090
20220704,2011,7,7,1,1,0,14236,14237,14232,14237,8,,1091
20220704,2012,5,6,0,0,0,14237,14240,14237,14240,6,,1092
20220704,2013,0,0,1,1,0,14235,14235,14235,14235,1,,1093
20220704,2014,0,0,6,6,0,14234,14234,14232,14232,6,,1094
20220704,2015,10,10,4,5,0,14238,14245,14238,14245,15,,1095
20220704,2016,1,1,3,3,0,14239,14244,14236,14240,4,,1096
20220704,2017,7,7,0,0,0,14242,14244,14242,14244,7,,1097
20220704,2018,1,1,3,3,0,14243,14243,14238,14238,4,,1098
20220704,2019,2,2,2,2,0,14241,14243,14239,14239,4,,1099
20220704,2020,4,4,3,3,0,14243,14244,14239,14239,7,,1100
20220704,2021,2,3,5,7,0,14240,14240,14238,14238,10,,1101
20220704,2022,0,0,1,1,0,14237,14237,14237,14237,1,,1102
20220704,2023,4,4,4,5,0,14237,14241,14237,14241,9,,1103
20220704,2024,0,0,2,2,0,14238,14238,14237,14237,2,,1104
20220704,2025,2,2,12,21,0,14236,14236,14232,14234,23,,1105
20220704,2026,7,7,3,3,0,14237,14242,14233,14242,10,,1106
20220704,2027,0,0,2,2,0,14239,14239,14239,14239,2,,1107
20220704,2028,0,0,3,4,0,14239,14239,14239,14239,4,,1108
20220704,2029,6,6,5,5,0,14238,14240,14233,14240,11,,1109
20220704,2030,3,3,2,2,0,14245,14246,14245,14245,5,,1110
20220704,2031,8,11,14,17,0,14241,14248,14236,14244,28,,1111
20220704,2032,5,5,6,8,0,14243,14243,14238,14238,13,,1112
20220704,2033,0,0,10,10,0,14236,14236,14232,14232,10,,1113
20220704,2034,3,3,0,0,0,14233,14234,14233,14234,3,,1114
20220704,2035,6,10,12,22,0,14236,14237,14233,14235,32,,1115
20220704,2036,7,7,22,29,0,14238,14238,14228,14235,36,,1116
20220704,2037,5,5,5,5,0,14235,14236,14232,14232,10,,1117
20220704,2038,12,12,21,30,0,14231,14231,14224,14224,42,,1118
20220704,2039,12,12,3,3,0,14225,14237,14225,14236,15,,1119
20220704,2040,0,0,0,0,0,14236,14236,14236,14236,0,,1120
20220704,2041,4,4,6,6,0,14235,14237,14228,14234,10,,1121
20220704,2042,1,1,6,6,0,14229,14230,14226,14226,7,,1122
20220704,2043,8,8,3,3,0,14227,14235,14226,14232,11,,1123
20220704,2044,2,2,1,1,0,14227,14230,14227,14230,3,,1124
20220704,2045,3,3,1,1,0,14229,14230,14229,14230,4,,1125
20220704,2046,9,11,11,12,0,14232,14236,14227,14227,23,,1126
20220704,2047,4,4,1,2,0,14229,14233,14229,14232,6,,1127
20220704,2048,9,10,3,3,0,14235,14237,14231,14237,13,,1128
20220704,2049,12,12,4,4,0,14236,14243,14235,14242,16,,1129
20220704,2050,19,59,4,4,0,14244,14253,14244,14253,63,,1130
20220704,2051,12,12,15,21,0,14252,14254,14250,14252,33,,1131
20220704,2052,12,12,9,16,0,14250,14254,14246,14251,28,,1132
20220704,2053,2,2,3,3,0,14246,14251,14246,14250,5,,1133
20220704,2054,3,3,4,5,0,14250,14252,14247,14247,8,,1134
20220704,2055,5,7,3,4,0,14247,14250,14247,14250,11,,1135
20220704,2056,21,28,16,23,0,14250,14255,14245,14255,51,,1136
20220704,2057,58,99,12,12,0,14255,14265,14254,14258,111,,1137
20220704,2058,45,105,29,38,0,14258,14268,14256,14266,143,,1138
20220704,2059,11,23,15,35,0,14266,14268,14262,14265,58,,1139
20220704,2100,10,17,24,59,0,14263,14263,14257,14257,76,,1140
